#
# A fatal error has been detected by the Java Runtime Environment:
#
#  SIGSEGV (0xb) at pc=0x00000001022c111c, pid=56871, tid=44839
#
# JRE version: OpenJDK Runtime Environment Homebrew (11.0.25) (build 11.0.25+0)
# Java VM: OpenJDK 64-Bit Server VM Homebrew (11.0.25+0, mixed mode, tiered, compressed oops, g1 gc, bsd-aarch64)
# Problematic frame:
# V  [libjvm.dylib+0x69511c]  ObjectSynchronizer::inflate(Thread*, oopDesc*, ObjectSynchronizer::InflateCause)+0x18c
#
# No core dump will be written. Core dumps have been disabled. To enable core dumping, try "ulimit -c unlimited" before starting Java again
#
# If you would like to submit a bug report, please visit:
#   https://github.com/Homebrew/homebrew-core/issues
#

---------------  S U M M A R Y ------------

Command Line: -Djline.terminal=jline.UnsupportedTerminal -Dsbt.log.noformat=true -Dfile.encoding=UTF-8 -Dgrouping.with.qualified.names.enabled=true -Dseparate.prod.test.sources.enabled=false -Didea.managed=true -Dfile.encoding=UTF-8 -Didea.installation.dir=/Applications/IntelliJ IDEA CE.app/Contents /Users/asinduvg/Library/Application Support/JetBrains/IdeaIC2024.3/plugins/Scala/launcher/sbt-launch.jar

Host: Mac14,2 arm64 1 MHz, 8 cores, 8G, Darwin 24.2.0
Time: Sun Jan 19 09:19:34 2025 +0530 elapsed time: 6.193645 seconds (0d 0h 0m 6s)

---------------  T H R E A D  ---------------

Current thread (0x000000012b8f9800):  JavaThread "pool-12-thread-4" [_thread_in_vm, id=44839, stack(0x00000001755d0000,0x00000001757d3000)]

Stack: [0x00000001755d0000,0x00000001757d3000],  sp=0x00000001757d2110,  free space=2056k
Native frames: (J=compiled Java code, A=aot compiled Java code, j=interpreted, Vv=VM code, C=native code)
V  [libjvm.dylib+0x69511c]  ObjectSynchronizer::inflate(Thread*, oopDesc*, ObjectSynchronizer::InflateCause)+0x18c
V  [libjvm.dylib+0x694f04]  ObjectSynchronizer::slow_enter(Handle, BasicLock*, Thread*)+0xc8
V  [libjvm.dylib+0x5e9010]  SharedRuntime::monitor_enter_helper(oopDesc*, BasicLock*, JavaThread*, bool)+0xdc
V  [libjvm.dylib+0x12a9d4]  Runtime1::monitorenter(JavaThread*, oopDesc*, BasicObjectLock*)+0x50
v  ~RuntimeStub::monitorenter_nofpu Runtime1 stub
J 4671 c1 sbt.Def$$$Lambda$356.apply(Ljava/lang/Object;)Ljava/lang/Object; (5 bytes) @ 0x000000010bd72968 [0x000000010bd72800+0x0000000000000168]
J 4587 c1 sbt.internal.util.EvaluateSettings$MixedNode.evaluate0()V (34 bytes) @ 0x000000010bd58ce8 [0x000000010bd58a80+0x0000000000000268]
J 4542 c1 sbt.internal.util.EvaluateSettings$$Lambda$2216.apply$mcV$sp()V (8 bytes) @ 0x000000010bd3ec28 [0x000000010bd3e980+0x00000000000002a8]
J 4586 c1 sbt.internal.util.EvaluateSettings$$anon$3.run()V (26 bytes) @ 0x000000010bd4dcb0 [0x000000010bd4d9c0+0x00000000000002f0]
J 15986% c1 java.util.concurrent.ThreadPoolExecutor.runWorker(Ljava/util/concurrent/ThreadPoolExecutor$Worker;)V java.base@11.0.25 (187 bytes) @ 0x000000010d32f6b8 [0x000000010d32ebc0+0x0000000000000af8]
j  java.util.concurrent.ThreadPoolExecutor$Worker.run()V+5 java.base@11.0.25
j  java.lang.Thread.run()V+11 java.base@11.0.25
v  ~StubRoutines::call_stub
V  [libjvm.dylib+0x32be34]  JavaCalls::call_helper(JavaValue*, methodHandle const&, JavaCallArguments*, Thread*)+0x2d8
V  [libjvm.dylib+0x32b1a4]  JavaCalls::call_virtual(JavaValue*, Klass*, Symbol*, Symbol*, JavaCallArguments*, Thread*)+0xec
V  [libjvm.dylib+0x32b26c]  JavaCalls::call_virtual(JavaValue*, Handle, Klass*, Symbol*, Symbol*, Thread*)+0x64
V  [libjvm.dylib+0x3bb90c]  thread_entry(JavaThread*, Thread*)+0x78
V  [libjvm.dylib+0x6bbf68]  JavaThread::thread_main_inner()+0x80
V  [libjvm.dylib+0x6bbdac]  JavaThread::run()+0x190
V  [libjvm.dylib+0x6b9aac]  Thread::call_run()+0x7c
V  [libjvm.dylib+0x567b7c]  thread_native_entry(Thread*)+0x118
C  [libsystem_pthread.dylib+0x72e4]  _pthread_start+0x88

Java frames: (J=compiled Java code, j=interpreted, Vv=VM code)
v  ~RuntimeStub::monitorenter_nofpu Runtime1 stub
J 4584 c1 sbt.internal.util.EvaluateSettings$INode.unblocked()V (96 bytes) @ 0x000000010bd4b1c8 [0x000000010bd4a7c0+0x0000000000000a08]
J 4572 c1 sbt.internal.util.EvaluateSettings$INode$$Lambda$2218.apply(Ljava/lang/Object;)Ljava/lang/Object; (8 bytes) @ 0x000000010bd4d410 [0x000000010bd4d200+0x0000000000000210]
J 4550 c2 scala.collection.immutable.List.foreach(Lscala/Function1;)V (32 bytes) @ 0x0000000112c56018 [0x0000000112c55f80+0x0000000000000098]
J 4594 c1 sbt.internal.util.EvaluateSettings$INode.setValue(Ljava/lang/Object;)V (140 bytes) @ 0x000000010bd56b80 [0x000000010bd55d80+0x0000000000000e00]
J 4587 c1 sbt.internal.util.EvaluateSettings$MixedNode.evaluate0()V (34 bytes) @ 0x000000010bd58ce8 [0x000000010bd58a80+0x0000000000000268]
J 4542 c1 sbt.internal.util.EvaluateSettings$$Lambda$2216.apply$mcV$sp()V (8 bytes) @ 0x000000010bd3ec28 [0x000000010bd3e980+0x00000000000002a8]
J 4586 c1 sbt.internal.util.EvaluateSettings$$anon$3.run()V (26 bytes) @ 0x000000010bd4dcb0 [0x000000010bd4d9c0+0x00000000000002f0]
J 15986% c1 java.util.concurrent.ThreadPoolExecutor.runWorker(Ljava/util/concurrent/ThreadPoolExecutor$Worker;)V java.base@11.0.25 (187 bytes) @ 0x000000010d32f6b8 [0x000000010d32ebc0+0x0000000000000af8]
j  java.util.concurrent.ThreadPoolExecutor$Worker.run()V+5 java.base@11.0.25
j  java.lang.Thread.run()V+11 java.base@11.0.25
v  ~StubRoutines::call_stub

siginfo: si_signo: 11 (SIGSEGV), si_code: 2 (SEGV_ACCERR), si_addr: 0x0000000000000000

Register to memory mapping:

 x0=0x0 is NULL
 x1=0x000000012f681380 points into unknown readable memory: 0x0000000000000000 | 00 00 00 00 00 00 00 00
 x2=0x0000000000000001 is an unknown value
 x3=0x000000012b8f9800 is a thread
 x4=0x0000000129d17800 is pointing into metadata
 x5=
[error occurred during error reporting (printing register info), id 0xb, SIGSEGV (0xb) at pc=0x0000000101f29780]

Registers:
 x0=0x0000000000000000  x1=0x000000012f681380  x2=0x0000000000000001  x3=0x000000012b8f9800
 x4=0x0000000129d17800  x5=0x0000000748ae3038  x6=0x0000000749913d80  x7=0x000000074056bb70
 x8=0x0000000000000000  x9=0x000000012f681380 x10=0x0000000000000000 x11=0x00000000000002f8
x12=0x0000000129d21f48 x13=0x0000000000000000 x14=0x000000074086ece8 x15=0x0000000800159c40
x16=0x0000000195b010ac x17=0x00006000006a9680 x18=0x0000000000000000 x19=0x0000000000000001
x20=0x0000000749913738 x21=0x000000012f681380 x22=0x000000012b8f9800 x23=0x0000000000000000
x24=0x00000001024b7a84 x25=0x0000000000000000 x26=0x0000000748a0e348 x27=0x0000000000000000
x28=0x000000012b8f9800  fp=0x00000001757d21c0  lr=0x00000001022c1118  sp=0x00000001757d2110
pc=0x00000001022c111c cpsr=0x0000000060001000
Top of Stack: (sp=0x00000001757d2110)
0x00000001757d2110:   00000001757d29f0 000000010bd61434
0x00000001757d2120:   00000001757d29f0 000000010bd629d0
0x00000001757d2130:   0000000748ae2e48 0000000748ae2ef0
0x00000001757d2140:   00000001757d2458 0000000748ae2ed8
0x00000001757d2150:   0000000000000000 0000000000000000
0x00000001757d2160:   00000001757d2900 000000010bd61434
0x00000001757d2170:   00000001757d29f0 000000010bd629d0
0x00000001757d2180:   0000000748a0e348 000000074a2119d0
0x00000001757d2190:   0000000000000000 0000000175df6520
0x00000001757d21a0:   0000000175df6520 00006000036eac28
0x00000001757d21b0:   00000001757d2520 000000012b8f9800
0x00000001757d21c0:   00000001757d2200 00000001022c0f04
0x00000001757d21d0:   0000000000000000 0000000000000001
0x00000001757d21e0:   0000000749913738 0000000000000001
0x00000001757d21f0:   00000001757d2520 000000012b8f9800
0x00000001757d2200:   00000001757d2240 0000000102215010
0x00000001757d2210:   00000001757d29f0 000000012b8f9800
0x00000001757d2220:   0000000749913738 00000001757d2520
0x00000001757d2230:   0000000000000001 000000012b8f9800
0x00000001757d2240:   00000001757d2270 0000000101d569d4
0x00000001757d2250:   000000074a2119e0 0000000000000000
0x00000001757d2260:   000000074a211990 0000000748a0e330
0x00000001757d2270:   00000001757d2470 000000010b09e87c
0x00000001757d2280:   0000000748ae2e48 000000010bb373c4
0x00000001757d2290:   00000001757d29f0 0000000112c8ef98
0x00000001757d22a0:   000000074990e340 0000000129d79468
0x00000001757d22b0:   0000000000168040 000000010bd6e048
0x00000001757d22c0:   0000000748a0de50 0000000748ae2e78
0x00000001757d22d0:   0000000000011d68 000000010bd646b0
0x00000001757d22e0:   00000001757d29f0 000000010bb373c4
0x00000001757d22f0:   000000074086ece8 00000000001718a8
0x00000001757d2300:   000000074a2119f4 0000000800159c40 

Instructions: (pc=0x00000001022c111c)
0x00000001022c101c:   1f 30 00 f9 1f 44 00 f9 1f 28 00 f9 79 03 00 b4
0x00000001022c102c:   b7 02 00 f9 bf 22 00 f9 bf 2a 00 f9 b4 06 00 f9
0x00000001022c103c:   bf 2a 00 f9 bf 3a 00 f9 08 03 40 b9 a8 7e 00 b9
0x00000001022c104c:   a9 02 7f b2 bf 3b 03 d5 e8 03 17 aa 89 7e a8 c8
0x00000001022c105c:   bf 3b 03 d5 1f 01 17 eb 60 08 00 54 ff 02 08 eb
0x00000001022c106c:   20 08 00 54 bf 06 00 f9 bf 22 00 f9 bf 2a 00 f9
0x00000001022c107c:   bf 36 00 f9 bf 2e 00 f9 bf 32 00 f9 bf 46 00 f9
0x00000001022c108c:   bf 2a 00 f9 0d 00 00 14 bf 3a 00 f9 bf 2a 00 f9
0x00000001022c109c:   08 03 40 b9 a8 7e 00 b9 bf 3b 03 d5 e8 03 17 aa
0x00000001022c10ac:   9f 7e a8 c8 bf 3b 03 d5 1f 01 17 eb c0 02 00 54
0x00000001022c10bc:   ff 02 08 eb 80 02 00 54 e0 03 16 aa e1 03 15 aa
0x00000001022c10cc:   22 00 80 52 9c 05 00 94 97 02 40 f9 e0 03 17 aa
0x00000001022c10dc:   81 b9 ed 97 e0 f8 0f 36 e0 03 17 aa 7e b9 ed 97
0x00000001022c10ec:   15 00 7f d2 e0 03 15 aa fd 7b 4b a9 f4 4f 4a a9
0x00000001022c10fc:   f6 57 49 a9 f8 5f 48 a9 fa 67 47 a9 ff 03 03 91
0x00000001022c110c:   c0 03 5f d6 e0 03 17 aa 73 b9 ed 97 08 f8 7e 92
0x00000001022c111c:   08 01 40 f9 a8 02 00 f9 e0 03 17 aa 6e b9 ed 97
0x00000001022c112c:   a0 22 00 f9 bf 2a 00 f9 b4 06 00 f9 88 02 40 f9
0x00000001022c113c:   48 01 00 b4 e0 07 00 90 00 7c 3c 91 e2 07 00 b0
0x00000001022c114c:   42 10 02 91 03 05 00 90 63 e0 08 91 01 bd 80 52
0x00000001022c115c:   ce 9d ed 97 28 49 fb 97 a8 02 7f b2 bf 3b 03 d5
0x00000001022c116c:   88 02 00 f9 08 11 00 d0 08 41 0b 91 08 01 40 f9
0x00000001022c117c:   48 01 00 b4 09 11 00 d0 29 e1 2b 91 29 01 40 39
0x00000001022c118c:   3f 05 00 71 a1 00 00 54 08 15 40 f9 09 01 40 f9
0x00000001022c119c:   29 05 00 91 09 01 00 f9 c8 0f 00 f0 08 e5 43 f9
0x00000001022c11ac:   28 06 00 b4 c8 10 00 d0 08 e5 37 91 08 01 40 39
0x00000001022c11bc:   1f 05 00 71 21 01 00 54 89 0a 40 b9 ca 0f 00 f0
0x00000001022c11cc:   4a 61 2b 91 4b 09 40 b9 4a 01 40 f9 2b 21 cb 9a
0x00000001022c11dc:   6a 01 0a 8b 03 00 00 14 8a 06 40 f9 e9 03 0a aa
0x00000001022c11ec:   4a 09 40 b9 5f 05 00 71 eb 03 00 54 80 10 00 d0
0x00000001022c11fc:   00 80 27 91 0a 00 40 f9 40 01 3f d6 0a 00 40 f9
0x00000001022c120c:   4a 3d 41 f9 ea 0f 00 f9 40 05 c0 3d e0 03 82 3c 


Stack slot to memory mapping:
stack at sp + 0 slots: 0x00000001757d29f0 is pointing into the stack for thread: 0x000000012b8f9800
stack at sp + 1 slots: 0x000000010bd61434 is at entry_point+372 in (nmethod*)0x000000010bd61110
stack at sp + 2 slots: 0x00000001757d29f0 is pointing into the stack for thread: 0x000000012b8f9800
stack at sp + 3 slots: 0x000000010bd629d0 is at entry_point+400 in (nmethod*)0x000000010bd62690
stack at sp + 4 slots: 0x0000000748ae2e48 is an oop: scala.collection.mutable.ListBuffer 
{0x0000000748ae2e48} - klass: 'scala/collection/mutable/ListBuffer'
 - ---- fields (total size 4 words):
 - private 'len' 'I' @12  2
 - private 'exported' 'Z' @16  true
 - private strict 'scala$collection$mutable$ListBuffer$$start' 'Lscala/collection/immutable/List;' @20  a 'scala/collection/immutable/$colon$colon'{0x0000000748ae2ec0} (e915c5d8)
 - private strict 'last0' 'Lscala/collection/immutable/$colon$colon;' @24  a 'scala/collection/immutable/$colon$colon'{0x0000000748ae2f08} (e915c5e1)
stack at sp + 5 slots: 0x0000000748ae2ef0 is an oop: sbt.internal.util.AttributeEntry 
{0x0000000748ae2ef0} - klass: 'sbt/internal/util/AttributeEntry'
 - ---- fields (total size 3 words):
 - private final strict 'key' 'Lsbt/internal/util/AttributeKey;' @12  a 'sbt/internal/util/AttributeKey$$anon$1'{0x000000074086ece8} (e810dd9d)
 - private final strict 'value' 'Ljava/lang/Object;' @16  a 'java/lang/Boolean'{0x00000007400003e0} = true (e800007c)
stack at sp + 6 slots: 0x00000001757d2458 is pointing into the stack for thread: 0x000000012b8f9800
stack at sp + 7 slots: 0x0000000748ae2ed8 is an oop: scala.Tuple2 
{0x0000000748ae2ed8} - klass: 'scala/Tuple2'
 - ---- fields (total size 3 words):
 - public final strict '_1' 'Ljava/lang/Object;' @12  a 'sbt/internal/util/AttributeKey$$anon$1'{0x000000074086ece8} (e810dd9d)
 - public final strict '_2' 'Ljava/lang/Object;' @16  a 'java/lang/Boolean'{0x00000007400003e0} = true (e800007c)


---------------  P R O C E S S  ---------------

Threads class SMR info:
_java_thread_list=0x0000600000f388c0, length=42, elements={
0x000000013d012000, 0x000000012c809000, 0x000000012d015000, 0x000000013d105800,
0x000000013d108800, 0x000000013d109800, 0x000000013d10a800, 0x000000012d01e000,
0x000000013d0ad800, 0x000000012d130000, 0x000000013d1bc800, 0x000000012c886800,
0x000000013c8af800, 0x000000013d31e000, 0x000000012552b000, 0x0000000126242800,
0x000000012624b000, 0x0000000125536000, 0x000000012637e800, 0x0000000125bb0800,
0x0000000126387000, 0x0000000125bb1800, 0x0000000126388000, 0x0000000125bc5800,
0x00000001238b3800, 0x0000000124015000, 0x000000012639c800, 0x00000001279c1800,
0x0000000125c5c800, 0x000000012b8bd000, 0x00000001279bb800, 0x0000000125c5f000,
0x000000012b8b7800, 0x000000012b8c0000, 0x00000001263e1000, 0x000000012f667000,
0x000000012b1ec800, 0x000000012b8f9800, 0x000000012d6fa800, 0x000000012f36a800,
0x0000000126839800, 0x00000001279d4800
}

Java Threads: ( => current thread )
  0x000000013d012000 JavaThread "main" [_thread_blocked, id=4355, stack(0x000000016f238000,0x000000016f43b000)]
  0x000000012c809000 JavaThread "Reference Handler" daemon [_thread_blocked, id=21507, stack(0x000000017008c000,0x000000017028f000)]
  0x000000012d015000 JavaThread "Finalizer" daemon [_thread_blocked, id=17667, stack(0x0000000170298000,0x000000017049b000)]
  0x000000013d105800 JavaThread "Signal Dispatcher" daemon [_thread_blocked, id=21763, stack(0x00000001705bc000,0x00000001707bf000)]
  0x000000013d108800 JavaThread "Service Thread" daemon [_thread_blocked, id=22275, stack(0x00000001707c8000,0x00000001709cb000)]
  0x000000013d109800 JavaThread "C2 CompilerThread0" daemon [_thread_in_native, id=31747, stack(0x00000001709d4000,0x0000000170bd7000)]
  0x000000013d10a800 JavaThread "C1 CompilerThread0" daemon [_thread_blocked, id=30979, stack(0x0000000170be0000,0x0000000170de3000)]
  0x000000012d01e000 JavaThread "Sweeper thread" daemon [_thread_blocked, id=30467, stack(0x0000000170dec000,0x0000000170fef000)]
  0x000000013d0ad800 JavaThread "Common-Cleaner" daemon [_thread_blocked, id=29955, stack(0x0000000171204000,0x0000000171407000)]
  0x000000012d130000 JavaThread "pool-1-thread-1" [_thread_blocked, id=29443, stack(0x0000000171828000,0x0000000171a2b000)]
  0x000000013d1bc800 JavaThread "pool-1-thread-2" [_thread_blocked, id=25091, stack(0x0000000171a34000,0x0000000171c37000)]
  0x000000012c886800 JavaThread "pool-1-thread-3" [_thread_blocked, id=25347, stack(0x0000000171c40000,0x0000000171e43000)]
  0x000000013c8af800 JavaThread "pool-1-thread-4" [_thread_blocked, id=27907, stack(0x0000000171e4c000,0x000000017204f000)]
  0x000000013d31e000 JavaThread "pool-1-thread-5" [_thread_blocked, id=26371, stack(0x0000000172264000,0x0000000172467000)]
  0x000000012552b000 JavaThread "boot-server-socket-thread-1" [_thread_in_native, id=42243, stack(0x00000001730b8000,0x00000001732bb000)]
  0x0000000126242800 JavaThread "process reaper" daemon [_thread_blocked, id=34819, stack(0x00000001732c4000,0x00000001732fb000)]
  0x000000012624b000 JavaThread "classloader-cache-cleanup-0" daemon [_thread_blocked, id=27659, stack(0x0000000172058000,0x000000017225b000)]
  0x0000000125536000 JavaThread "sbt-command-exchange-fastTrack" daemon [_thread_blocked, id=41731, stack(0x0000000173304000,0x0000000173507000)]
  0x000000012637e800 JavaThread "scala-execution-context-global-26" daemon [_thread_blocked, id=40967, stack(0x0000000173510000,0x0000000173713000)]
  0x0000000125bb0800 JavaThread "scala-execution-context-global-27" daemon [_thread_blocked, id=40451, stack(0x000000017371c000,0x000000017391f000)]
  0x0000000126387000 JavaThread "scala-execution-context-global-28" daemon [_thread_blocked, id=36099, stack(0x0000000173928000,0x0000000173b2b000)]
  0x0000000125bb1800 JavaThread "scala-execution-context-global-29" daemon [_thread_blocked, id=39427, stack(0x0000000173b34000,0x0000000173d37000)]
  0x0000000126388000 JavaThread "scala-execution-context-global-30" daemon [_thread_blocked, id=36611, stack(0x0000000173d40000,0x0000000173f43000)]
  0x0000000125bc5800 JavaThread "scala-execution-context-global-31" daemon [_thread_blocked, id=38915, stack(0x0000000173f4c000,0x000000017414f000)]
  0x00000001238b3800 JavaThread "scala-execution-context-global-32" daemon [_thread_blocked, id=37891, stack(0x0000000174158000,0x000000017435b000)]
  0x0000000124015000 JavaThread "scala-execution-context-global-33" daemon [_thread_blocked, id=38147, stack(0x0000000174364000,0x0000000174567000)]
  0x000000012639c800 JavaThread "sbt-task-progress-report-thread" [_thread_blocked, id=62727, stack(0x000000017477c000,0x000000017497f000)]
  0x00000001279c1800 JavaThread "sbt-progress-report-scheduler" [_thread_blocked, id=44551, stack(0x0000000174da0000,0x0000000174fa3000)]
  0x0000000125c5c800 JavaThread "coursier-pool-1-thread-1" daemon [_thread_blocked, id=65291, stack(0x0000000175e00000,0x0000000176003000)]
  0x000000012b8bd000 JavaThread "coursier-pool-1-thread-2" daemon [_thread_blocked, id=60163, stack(0x000000017600c000,0x000000017620f000)]
  0x00000001279bb800 JavaThread "coursier-pool-1-thread-3" daemon [_thread_blocked, id=59651, stack(0x0000000176218000,0x000000017641b000)]
  0x0000000125c5f000 JavaThread "coursier-pool-1-thread-4" daemon [_thread_blocked, id=58883, stack(0x0000000176424000,0x0000000176627000)]
  0x000000012b8b7800 JavaThread "coursier-pool-1-thread-5" daemon [_thread_blocked, id=49155, stack(0x0000000176630000,0x0000000176833000)]
  0x000000012b8c0000 JavaThread "coursier-pool-1-thread-6" daemon [_thread_blocked, id=58371, stack(0x000000017683c000,0x0000000176a3f000)]
  0x00000001263e1000 JavaThread "pool-12-thread-1" [_thread_blocked, id=65067, stack(0x0000000174fac000,0x00000001751af000)]
  0x000000012f667000 JavaThread "pool-12-thread-2" [_thread_blocked, id=45611, stack(0x00000001751b8000,0x00000001753bb000)]
  0x000000012b1ec800 JavaThread "pool-12-thread-3" [_thread_blocked, id=61223, stack(0x00000001753c4000,0x00000001755c7000)]
=>0x000000012b8f9800 JavaThread "pool-12-thread-4" [_thread_in_vm, id=44839, stack(0x00000001755d0000,0x00000001757d3000)]
  0x000000012d6fa800 JavaThread "pool-12-thread-6" [_thread_blocked, id=61995, stack(0x00000001757dc000,0x00000001759df000)]
  0x000000012f36a800 JavaThread "pool-12-thread-5" [_thread_blocked, id=46631, stack(0x00000001759e8000,0x0000000175beb000)]
  0x0000000126839800 JavaThread "pool-12-thread-7" [_thread_blocked, id=60711, stack(0x0000000175bf4000,0x0000000175df7000)]
  0x00000001279d4800 JavaThread "pool-12-thread-8" [_thread_blocked, id=45863, stack(0x0000000176a48000,0x0000000176c4b000)]

Other Threads:
  0x000000013c809800 VMThread "VM Thread" [stack: 0x000000016fe80000,0x0000000170083000] [id=16643]
  0x000000012d090000 WatcherThread [stack: 0x0000000170ff8000,0x00000001711fb000] [id=23043]
  0x000000013d020800 GCTaskThread "GC Thread#0" [stack: 0x000000016f444000,0x000000016f647000] [id=11779]
  0x000000013d1c0800 GCTaskThread "GC Thread#1" [stack: 0x0000000171410000,0x0000000171613000] [id=23811]
  0x000000013d2cf000 GCTaskThread "GC Thread#2" [stack: 0x000000017161c000,0x000000017181f000] [id=24067]
  0x000000012d0ad800 GCTaskThread "GC Thread#3" [stack: 0x0000000172470000,0x0000000172673000] [id=27139]
  0x000000013d5b9800 GCTaskThread "GC Thread#4" [stack: 0x000000017267c000,0x000000017287f000] [id=32771]
  0x0000000125899800 GCTaskThread "GC Thread#5" [stack: 0x0000000172888000,0x0000000172a8b000] [id=33283]
  0x000000012589a800 GCTaskThread "GC Thread#6" [stack: 0x0000000172a94000,0x0000000172c97000] [id=43267]
  0x000000012589b000 GCTaskThread "GC Thread#7" [stack: 0x0000000172ca0000,0x0000000172ea3000] [id=43011]
  0x000000013d043000 ConcurrentGCThread "G1 Main Marker" [stack: 0x000000016f650000,0x000000016f853000] [id=12291]
  0x000000013d043800 ConcurrentGCThread "G1 Conc#0" [stack: 0x000000016f85c000,0x000000016fa5f000] [id=12803]
  0x0000000125412000 ConcurrentGCThread "G1 Conc#1" [stack: 0x0000000172eac000,0x00000001730af000] [id=34051]
  0x000000013d0a4800 ConcurrentGCThread "G1 Refine#0" [stack: 0x000000016fa68000,0x000000016fc6b000] [id=13315]
  0x00000001279bf800 ConcurrentGCThread "G1 Refine#1" [stack: 0x0000000174570000,0x0000000174773000] [id=64775]
  0x00000001253da000 ConcurrentGCThread "G1 Refine#2" [stack: 0x0000000174988000,0x0000000174b8b000] [id=20487]
  0x000000013d39a800 ConcurrentGCThread "G1 Refine#3" [stack: 0x0000000174b94000,0x0000000174d97000] [id=47655]
  0x000000013d0a5000 ConcurrentGCThread "G1 Young RemSet Sampling" [stack: 0x000000016fc74000,0x000000016fe77000] [id=13827]

Threads with active compile tasks:
C2 CompilerThread0     6202 15942       4       sbt.Scope$::expandDelegateScopes$1 (408 bytes)

VM state:not at safepoint (normal execution)

VM Mutex/Monitor currently owned by a thread:  ([mutex/lock_event])
[0x00006000027c4c80] CodeCache_lock - owner thread: 0x000000013d109800
[0x00006000027c6580] Compile_lock - owner thread: 0x000000013d109800
[0x00006000027c6700] MethodCompileQueue_lock - owner thread: 0x000000013d109800

Heap address: 0x0000000740000000, size: 2048 MB, Compressed Oops mode: Zero based, Oop shift amount: 3
Narrow klass base: 0x0000000800000000, Narrow klass shift: 0
Compressed class space size: 1073741824 Address: 0x0000000800000000

Heap:
 garbage-first heap   total 200704K, used 146392K [0x0000000740000000, 0x00000007c0000000)
  region size 1024K, 71 young (72704K), 12 survivors (12288K)
 Metaspace       used 116903K, capacity 127200K, committed 127424K, reserved 1153024K
  class space    used 18259K, capacity 23710K, committed 23744K, reserved 1048576K
Heap Regions: E=young(eden), S=young(survivor), O=old, HS=humongous(starts), HC=humongous(continues), CS=collection set, F=free, A=archive, TAMS=top-at-mark-start (previous, next)
|   0|0x0000000740000000, 0x0000000740100000, 0x0000000740100000|100%| O|  |TAMS 0x0000000740100000, 0x0000000740000000| Untracked 
|   1|0x0000000740100000, 0x0000000740200000, 0x0000000740200000|100%| O|  |TAMS 0x0000000740200000, 0x0000000740100000| Untracked 
|   2|0x0000000740200000, 0x0000000740300000, 0x0000000740300000|100%| O|  |TAMS 0x0000000740300000, 0x0000000740200000| Untracked 
|   3|0x0000000740300000, 0x0000000740400000, 0x0000000740400000|100%| O|  |TAMS 0x0000000740400000, 0x0000000740300000| Untracked 
|   4|0x0000000740400000, 0x0000000740500000, 0x0000000740500000|100%| O|  |TAMS 0x0000000740500000, 0x0000000740400000| Untracked 
|   5|0x0000000740500000, 0x0000000740600000, 0x0000000740600000|100%| O|  |TAMS 0x0000000740600000, 0x0000000740500000| Untracked 
|   6|0x0000000740600000, 0x0000000740700000, 0x0000000740700000|100%| O|  |TAMS 0x0000000740700000, 0x0000000740600000| Untracked 
|   7|0x0000000740700000, 0x0000000740800000, 0x0000000740800000|100%| O|  |TAMS 0x0000000740800000, 0x0000000740700000| Untracked 
|   8|0x0000000740800000, 0x0000000740900000, 0x0000000740900000|100%| O|  |TAMS 0x0000000740900000, 0x0000000740800000| Untracked 
|   9|0x0000000740900000, 0x0000000740a00000, 0x0000000740a00000|100%| O|  |TAMS 0x0000000740a00000, 0x0000000740900000| Untracked 
|  10|0x0000000740a00000, 0x0000000740b00000, 0x0000000740b00000|100%| O|  |TAMS 0x0000000740b00000, 0x0000000740a00000| Untracked 
|  11|0x0000000740b00000, 0x0000000740c00000, 0x0000000740c00000|100%| O|  |TAMS 0x0000000740c00000, 0x0000000740b00000| Untracked 
|  12|0x0000000740c00000, 0x0000000740d00000, 0x0000000740d00000|100%| O|  |TAMS 0x0000000740d00000, 0x0000000740c00000| Untracked 
|  13|0x0000000740d00000, 0x0000000740e00000, 0x0000000740e00000|100%| O|  |TAMS 0x0000000740e00000, 0x0000000740d00000| Untracked 
|  14|0x0000000740e00000, 0x0000000740f00000, 0x0000000740f00000|100%| O|  |TAMS 0x0000000740f00000, 0x0000000740e00000| Untracked 
|  15|0x0000000740f00000, 0x0000000741000000, 0x0000000741000000|100%| O|  |TAMS 0x0000000741000000, 0x0000000740f00000| Untracked 
|  16|0x0000000741000000, 0x0000000741100000, 0x0000000741100000|100%| O|  |TAMS 0x0000000741100000, 0x0000000741000000| Untracked 
|  17|0x0000000741100000, 0x0000000741200000, 0x0000000741200000|100%| O|  |TAMS 0x0000000741200000, 0x0000000741100000| Untracked 
|  18|0x0000000741200000, 0x0000000741300000, 0x0000000741300000|100%| O|  |TAMS 0x0000000741300000, 0x0000000741200000| Untracked 
|  19|0x0000000741300000, 0x0000000741400000, 0x0000000741400000|100%| O|  |TAMS 0x0000000741400000, 0x0000000741300000| Untracked 
|  20|0x0000000741400000, 0x0000000741500000, 0x0000000741500000|100%| O|  |TAMS 0x0000000741500000, 0x0000000741400000| Untracked 
|  21|0x0000000741500000, 0x0000000741600000, 0x0000000741600000|100%| O|  |TAMS 0x0000000741600000, 0x0000000741500000| Untracked 
|  22|0x0000000741600000, 0x0000000741700000, 0x0000000741700000|100%| O|  |TAMS 0x0000000741700000, 0x0000000741600000| Untracked 
|  23|0x0000000741700000, 0x0000000741800000, 0x0000000741800000|100%| O|  |TAMS 0x0000000741800000, 0x0000000741700000| Untracked 
|  24|0x0000000741800000, 0x0000000741800000, 0x0000000741900000|  0%| F|  |TAMS 0x0000000741800000, 0x0000000741800000| Untracked 
|  25|0x0000000741900000, 0x0000000741a00000, 0x0000000741a00000|100%| O|  |TAMS 0x0000000741a00000, 0x0000000741900000| Untracked 
|  26|0x0000000741a00000, 0x0000000741b00000, 0x0000000741b00000|100%| O|  |TAMS 0x0000000741b00000, 0x0000000741a00000| Untracked 
|  27|0x0000000741b00000, 0x0000000741c00000, 0x0000000741c00000|100%| O|  |TAMS 0x0000000741c00000, 0x0000000741b00000| Untracked 
|  28|0x0000000741c00000, 0x0000000741d00000, 0x0000000741d00000|100%| O|  |TAMS 0x0000000741d00000, 0x0000000741c00000| Untracked 
|  29|0x0000000741d00000, 0x0000000741e00000, 0x0000000741e00000|100%| O|  |TAMS 0x0000000741e00000, 0x0000000741d00000| Untracked 
|  30|0x0000000741e00000, 0x0000000741f00000, 0x0000000741f00000|100%| O|  |TAMS 0x0000000741f00000, 0x0000000741e00000| Untracked 
|  31|0x0000000741f00000, 0x0000000742000000, 0x0000000742000000|100%| O|  |TAMS 0x0000000742000000, 0x0000000741f00000| Untracked 
|  32|0x0000000742000000, 0x0000000742100000, 0x0000000742100000|100%| O|  |TAMS 0x0000000742100000, 0x0000000742000000| Untracked 
|  33|0x0000000742100000, 0x0000000742200000, 0x0000000742200000|100%| O|  |TAMS 0x0000000742200000, 0x0000000742100000| Untracked 
|  34|0x0000000742200000, 0x0000000742300000, 0x0000000742300000|100%| O|  |TAMS 0x0000000742300000, 0x0000000742200000| Untracked 
|  35|0x0000000742300000, 0x0000000742400000, 0x0000000742400000|100%| O|  |TAMS 0x0000000742400000, 0x0000000742300000| Untracked 
|  36|0x0000000742400000, 0x0000000742500000, 0x0000000742500000|100%| O|  |TAMS 0x0000000742500000, 0x0000000742400000| Untracked 
|  37|0x0000000742500000, 0x0000000742600000, 0x0000000742600000|100%| O|  |TAMS 0x0000000742600000, 0x0000000742500000| Untracked 
|  38|0x0000000742600000, 0x0000000742700000, 0x0000000742700000|100%| O|  |TAMS 0x0000000742700000, 0x0000000742600000| Untracked 
|  39|0x0000000742700000, 0x0000000742800000, 0x0000000742800000|100%| O|  |TAMS 0x0000000742800000, 0x0000000742700000| Untracked 
|  40|0x0000000742800000, 0x0000000742900000, 0x0000000742900000|100%| O|  |TAMS 0x0000000742900000, 0x0000000742800000| Untracked 
|  41|0x0000000742900000, 0x0000000742a00000, 0x0000000742a00000|100%| O|  |TAMS 0x0000000742a00000, 0x0000000742900000| Untracked 
|  42|0x0000000742a00000, 0x0000000742b00000, 0x0000000742b00000|100%| O|  |TAMS 0x0000000742b00000, 0x0000000742a00000| Untracked 
|  43|0x0000000742b00000, 0x0000000742c00000, 0x0000000742c00000|100%| O|  |TAMS 0x0000000742c00000, 0x0000000742b00000| Untracked 
|  44|0x0000000742c00000, 0x0000000742d00000, 0x0000000742d00000|100%| O|  |TAMS 0x0000000742d00000, 0x0000000742c00000| Untracked 
|  45|0x0000000742d00000, 0x0000000742e00000, 0x0000000742e00000|100%| O|  |TAMS 0x0000000742e00000, 0x0000000742d00000| Untracked 
|  46|0x0000000742e00000, 0x0000000742f00000, 0x0000000742f00000|100%| O|  |TAMS 0x0000000742f00000, 0x0000000742e00000| Untracked 
|  47|0x0000000742f00000, 0x0000000743000000, 0x0000000743000000|100%| O|  |TAMS 0x0000000743000000, 0x0000000742f00000| Untracked 
|  48|0x0000000743000000, 0x0000000743100000, 0x0000000743100000|100%| O|  |TAMS 0x00000007430d8600, 0x0000000743000000| Untracked 
|  49|0x0000000743100000, 0x0000000743200000, 0x0000000743200000|100%|HS|  |TAMS 0x0000000743100000, 0x0000000743100000| Complete 
|  50|0x0000000743200000, 0x0000000743300000, 0x0000000743300000|100%|HC|  |TAMS 0x0000000743200000, 0x0000000743200000| Complete 
|  51|0x0000000743300000, 0x0000000743400000, 0x0000000743400000|100%| O|  |TAMS 0x0000000743300000, 0x0000000743300000| Untracked 
|  52|0x0000000743400000, 0x0000000743500000, 0x0000000743500000|100%| O|  |TAMS 0x0000000743400000, 0x0000000743400000| Untracked 
|  53|0x0000000743500000, 0x0000000743600000, 0x0000000743600000|100%| O|  |TAMS 0x0000000743500000, 0x0000000743500000| Untracked 
|  54|0x0000000743600000, 0x0000000743700000, 0x0000000743700000|100%| O|  |TAMS 0x0000000743600000, 0x0000000743600000| Untracked 
|  55|0x0000000743700000, 0x0000000743800000, 0x0000000743800000|100%| O|  |TAMS 0x0000000743800000, 0x0000000743700000| Untracked 
|  56|0x0000000743800000, 0x0000000743900000, 0x0000000743900000|100%| O|  |TAMS 0x0000000743900000, 0x0000000743800000| Untracked 
|  57|0x0000000743900000, 0x0000000743a00000, 0x0000000743a00000|100%| O|  |TAMS 0x0000000743a00000, 0x0000000743900000| Untracked 
|  58|0x0000000743a00000, 0x0000000743b00000, 0x0000000743b00000|100%| O|  |TAMS 0x0000000743b00000, 0x0000000743a00000| Untracked 
|  59|0x0000000743b00000, 0x0000000743c00000, 0x0000000743c00000|100%| O|  |TAMS 0x0000000743b00000, 0x0000000743b00000| Untracked 
|  60|0x0000000743c00000, 0x0000000743d00000, 0x0000000743d00000|100%| O|  |TAMS 0x0000000743c00000, 0x0000000743c00000| Untracked 
|  61|0x0000000743d00000, 0x0000000743e00000, 0x0000000743e00000|100%| O|  |TAMS 0x0000000743d00000, 0x0000000743d00000| Untracked 
|  62|0x0000000743e00000, 0x0000000743f00000, 0x0000000743f00000|100%| O|  |TAMS 0x0000000743e00000, 0x0000000743e00000| Untracked 
|  63|0x0000000743f00000, 0x0000000744000000, 0x0000000744000000|100%| O|  |TAMS 0x0000000743f00000, 0x0000000743f00000| Untracked 
|  64|0x0000000744000000, 0x0000000744000000, 0x0000000744100000|  0%| F|  |TAMS 0x0000000744000000, 0x0000000744000000| Untracked 
|  65|0x0000000744100000, 0x0000000744100000, 0x0000000744200000|  0%| F|  |TAMS 0x0000000744100000, 0x0000000744100000| Untracked 
|  66|0x0000000744200000, 0x0000000744200000, 0x0000000744300000|  0%| F|  |TAMS 0x0000000744200000, 0x0000000744200000| Untracked 
|  67|0x0000000744300000, 0x0000000744300000, 0x0000000744400000|  0%| F|  |TAMS 0x0000000744300000, 0x0000000744300000| Untracked 
|  68|0x0000000744400000, 0x0000000744400000, 0x0000000744500000|  0%| F|  |TAMS 0x0000000744400000, 0x0000000744400000| Untracked 
|  69|0x0000000744500000, 0x0000000744500000, 0x0000000744600000|  0%| F|  |TAMS 0x0000000744500000, 0x0000000744500000| Untracked 
|  70|0x0000000744600000, 0x0000000744700000, 0x0000000744700000|100%| O|  |TAMS 0x0000000744600000, 0x0000000744600000| Untracked 
|  71|0x0000000744700000, 0x0000000744800000, 0x0000000744800000|100%| O|  |TAMS 0x0000000744700000, 0x0000000744700000| Untracked 
|  72|0x0000000744800000, 0x0000000744900000, 0x0000000744900000|100%| O|  |TAMS 0x0000000744800000, 0x0000000744800000| Untracked 
|  73|0x0000000744900000, 0x0000000744a00000, 0x0000000744a00000|100%| O|  |TAMS 0x0000000744900000, 0x0000000744900000| Untracked 
|  74|0x0000000744a00000, 0x0000000744b00000, 0x0000000744b00000|100%| O|  |TAMS 0x0000000744a00000, 0x0000000744a00000| Untracked 
|  75|0x0000000744b00000, 0x0000000744c00000, 0x0000000744c00000|100%| O|  |TAMS 0x0000000744b00000, 0x0000000744b00000| Untracked 
|  76|0x0000000744c00000, 0x0000000744c00000, 0x0000000744d00000|  0%| F|  |TAMS 0x0000000744c00000, 0x0000000744c00000| Untracked 
|  77|0x0000000744d00000, 0x0000000744d00000, 0x0000000744e00000|  0%| F|  |TAMS 0x0000000744d00000, 0x0000000744d00000| Untracked 
|  78|0x0000000744e00000, 0x0000000744e00000, 0x0000000744f00000|  0%| F|  |TAMS 0x0000000744e00000, 0x0000000744e00000| Untracked 
|  79|0x0000000744f00000, 0x0000000744f00000, 0x0000000745000000|  0%| F|  |TAMS 0x0000000744f00000, 0x0000000744f00000| Untracked 
|  80|0x0000000745000000, 0x0000000745000000, 0x0000000745100000|  0%| F|  |TAMS 0x0000000745000000, 0x0000000745000000| Untracked 
|  81|0x0000000745100000, 0x0000000745100000, 0x0000000745200000|  0%| F|  |TAMS 0x0000000745100000, 0x0000000745100000| Untracked 
|  82|0x0000000745200000, 0x0000000745200000, 0x0000000745300000|  0%| F|  |TAMS 0x0000000745200000, 0x0000000745200000| Untracked 
|  83|0x0000000745300000, 0x0000000745300000, 0x0000000745400000|  0%| F|  |TAMS 0x0000000745300000, 0x0000000745300000| Untracked 
|  84|0x0000000745400000, 0x0000000745400000, 0x0000000745500000|  0%| F|  |TAMS 0x0000000745400000, 0x0000000745400000| Untracked 
|  85|0x0000000745500000, 0x0000000745600000, 0x0000000745600000|100%| O|  |TAMS 0x0000000745500000, 0x0000000745500000| Untracked 
|  86|0x0000000745600000, 0x00000007456f6200, 0x0000000745700000| 96%| O|  |TAMS 0x0000000745600000, 0x0000000745600000| Untracked 
|  87|0x0000000745700000, 0x0000000745700000, 0x0000000745800000|  0%| F|  |TAMS 0x0000000745700000, 0x0000000745700000| Untracked 
|  88|0x0000000745800000, 0x0000000745800000, 0x0000000745900000|  0%| F|  |TAMS 0x0000000745800000, 0x0000000745800000| Untracked 
|  89|0x0000000745900000, 0x0000000745900000, 0x0000000745a00000|  0%| F|  |TAMS 0x0000000745900000, 0x0000000745900000| Untracked 
|  90|0x0000000745a00000, 0x0000000745a00000, 0x0000000745b00000|  0%| F|  |TAMS 0x0000000745a00000, 0x0000000745a00000| Untracked 
|  91|0x0000000745b00000, 0x0000000745b00000, 0x0000000745c00000|  0%| F|  |TAMS 0x0000000745b00000, 0x0000000745b00000| Untracked 
|  92|0x0000000745c00000, 0x0000000745c00000, 0x0000000745d00000|  0%| F|  |TAMS 0x0000000745c00000, 0x0000000745c00000| Untracked 
|  93|0x0000000745d00000, 0x0000000745d00000, 0x0000000745e00000|  0%| F|  |TAMS 0x0000000745d00000, 0x0000000745d00000| Untracked 
|  94|0x0000000745e00000, 0x0000000745e00000, 0x0000000745f00000|  0%| F|  |TAMS 0x0000000745e00000, 0x0000000745e00000| Untracked 
|  95|0x0000000745f00000, 0x0000000745f00000, 0x0000000746000000|  0%| F|  |TAMS 0x0000000745f00000, 0x0000000745f00000| Untracked 
|  96|0x0000000746000000, 0x0000000746000000, 0x0000000746100000|  0%| F|  |TAMS 0x0000000746000000, 0x0000000746000000| Untracked 
|  97|0x0000000746100000, 0x0000000746100000, 0x0000000746200000|  0%| F|  |TAMS 0x0000000746100000, 0x0000000746100000| Untracked 
|  98|0x0000000746200000, 0x0000000746200000, 0x0000000746300000|  0%| F|  |TAMS 0x0000000746200000, 0x0000000746200000| Untracked 
|  99|0x0000000746300000, 0x0000000746300000, 0x0000000746400000|  0%| F|  |TAMS 0x0000000746300000, 0x0000000746300000| Untracked 
| 100|0x0000000746400000, 0x0000000746500000, 0x0000000746500000|100%| S|CS|TAMS 0x0000000746400000, 0x0000000746400000| Complete 
| 101|0x0000000746500000, 0x0000000746600000, 0x0000000746600000|100%| S|CS|TAMS 0x0000000746500000, 0x0000000746500000| Complete 
| 102|0x0000000746600000, 0x0000000746700000, 0x0000000746700000|100%| S|CS|TAMS 0x0000000746600000, 0x0000000746600000| Complete 
| 103|0x0000000746700000, 0x0000000746800000, 0x0000000746800000|100%| S|CS|TAMS 0x0000000746700000, 0x0000000746700000| Complete 
| 104|0x0000000746800000, 0x0000000746900000, 0x0000000746900000|100%| S|CS|TAMS 0x0000000746800000, 0x0000000746800000| Complete 
| 105|0x0000000746900000, 0x0000000746a00000, 0x0000000746a00000|100%| S|CS|TAMS 0x0000000746900000, 0x0000000746900000| Complete 
| 106|0x0000000746a00000, 0x0000000746b00000, 0x0000000746b00000|100%| S|CS|TAMS 0x0000000746a00000, 0x0000000746a00000| Complete 
| 107|0x0000000746b00000, 0x0000000746c00000, 0x0000000746c00000|100%| S|CS|TAMS 0x0000000746b00000, 0x0000000746b00000| Complete 
| 108|0x0000000746c00000, 0x0000000746d00000, 0x0000000746d00000|100%| S|CS|TAMS 0x0000000746c00000, 0x0000000746c00000| Complete 
| 109|0x0000000746d00000, 0x0000000746e00000, 0x0000000746e00000|100%| S|CS|TAMS 0x0000000746d00000, 0x0000000746d00000| Complete 
| 110|0x0000000746e00000, 0x0000000746f00000, 0x0000000746f00000|100%| S|CS|TAMS 0x0000000746e00000, 0x0000000746e00000| Complete 
| 111|0x0000000746f00000, 0x0000000747000000, 0x0000000747000000|100%| S|CS|TAMS 0x0000000746f00000, 0x0000000746f00000| Complete 
| 112|0x0000000747000000, 0x0000000747000000, 0x0000000747100000|  0%| F|  |TAMS 0x0000000747000000, 0x0000000747000000| Untracked 
| 113|0x0000000747100000, 0x0000000747100000, 0x0000000747200000|  0%| F|  |TAMS 0x0000000747100000, 0x0000000747100000| Untracked 
| 114|0x0000000747200000, 0x0000000747200000, 0x0000000747300000|  0%| F|  |TAMS 0x0000000747200000, 0x0000000747200000| Untracked 
| 115|0x0000000747300000, 0x0000000747300000, 0x0000000747400000|  0%| F|  |TAMS 0x0000000747300000, 0x0000000747300000| Untracked 
| 116|0x0000000747400000, 0x0000000747400000, 0x0000000747500000|  0%| F|  |TAMS 0x0000000747400000, 0x0000000747400000| Untracked 
| 117|0x0000000747500000, 0x0000000747500000, 0x0000000747600000|  0%| F|  |TAMS 0x0000000747500000, 0x0000000747500000| Untracked 
| 118|0x0000000747600000, 0x0000000747600000, 0x0000000747700000|  0%| F|  |TAMS 0x0000000747600000, 0x0000000747600000| Untracked 
| 119|0x0000000747700000, 0x0000000747700000, 0x0000000747800000|  0%| F|  |TAMS 0x0000000747700000, 0x0000000747700000| Untracked 
| 120|0x0000000747800000, 0x0000000747800000, 0x0000000747900000|  0%| F|  |TAMS 0x0000000747800000, 0x0000000747800000| Untracked 
| 121|0x0000000747900000, 0x0000000747900000, 0x0000000747a00000|  0%| F|  |TAMS 0x0000000747900000, 0x0000000747900000| Untracked 
| 122|0x0000000747a00000, 0x0000000747a00000, 0x0000000747b00000|  0%| F|  |TAMS 0x0000000747a00000, 0x0000000747a00000| Untracked 
| 123|0x0000000747b00000, 0x0000000747b00000, 0x0000000747c00000|  0%| F|  |TAMS 0x0000000747b00000, 0x0000000747b00000| Untracked 
| 124|0x0000000747c00000, 0x0000000747c00000, 0x0000000747d00000|  0%| F|  |TAMS 0x0000000747c00000, 0x0000000747c00000| Untracked 
| 125|0x0000000747d00000, 0x0000000747d00000, 0x0000000747e00000|  0%| F|  |TAMS 0x0000000747d00000, 0x0000000747d00000| Untracked 
| 126|0x0000000747e00000, 0x0000000747e00000, 0x0000000747f00000|  0%| F|  |TAMS 0x0000000747e00000, 0x0000000747e00000| Untracked 
| 127|0x0000000747f00000, 0x0000000747f00000, 0x0000000748000000|  0%| F|  |TAMS 0x0000000747f00000, 0x0000000747f00000| Untracked 
| 128|0x0000000748000000, 0x0000000748000000, 0x0000000748100000|  0%| F|  |TAMS 0x0000000748000000, 0x0000000748000000| Untracked 
| 129|0x0000000748100000, 0x0000000748100000, 0x0000000748200000|  0%| F|  |TAMS 0x0000000748100000, 0x0000000748100000| Untracked 
| 130|0x0000000748200000, 0x0000000748200000, 0x0000000748300000|  0%| F|  |TAMS 0x0000000748200000, 0x0000000748200000| Untracked 
| 131|0x0000000748300000, 0x0000000748300000, 0x0000000748400000|  0%| F|  |TAMS 0x0000000748300000, 0x0000000748300000| Untracked 
| 132|0x0000000748400000, 0x0000000748400000, 0x0000000748500000|  0%| F|  |TAMS 0x0000000748400000, 0x0000000748400000| Untracked 
| 133|0x0000000748500000, 0x0000000748500000, 0x0000000748600000|  0%| F|  |TAMS 0x0000000748500000, 0x0000000748500000| Untracked 
| 134|0x0000000748600000, 0x0000000748649080, 0x0000000748700000| 28%| E|  |TAMS 0x0000000748600000, 0x0000000748600000| Complete 
| 135|0x0000000748700000, 0x0000000748800000, 0x0000000748800000|100%| E|CS|TAMS 0x0000000748700000, 0x0000000748700000| Complete 
| 136|0x0000000748800000, 0x0000000748900000, 0x0000000748900000|100%| E|CS|TAMS 0x0000000748800000, 0x0000000748800000| Complete 
| 137|0x0000000748900000, 0x0000000748a00000, 0x0000000748a00000|100%| E|CS|TAMS 0x0000000748900000, 0x0000000748900000| Complete 
| 138|0x0000000748a00000, 0x0000000748b00000, 0x0000000748b00000|100%| E|CS|TAMS 0x0000000748a00000, 0x0000000748a00000| Complete 
| 139|0x0000000748b00000, 0x0000000748c00000, 0x0000000748c00000|100%| E|CS|TAMS 0x0000000748b00000, 0x0000000748b00000| Complete 
| 140|0x0000000748c00000, 0x0000000748d00000, 0x0000000748d00000|100%| E|CS|TAMS 0x0000000748c00000, 0x0000000748c00000| Complete 
| 141|0x0000000748d00000, 0x0000000748e00000, 0x0000000748e00000|100%| E|CS|TAMS 0x0000000748d00000, 0x0000000748d00000| Complete 
| 142|0x0000000748e00000, 0x0000000748f00000, 0x0000000748f00000|100%| E|CS|TAMS 0x0000000748e00000, 0x0000000748e00000| Complete 
| 143|0x0000000748f00000, 0x0000000749000000, 0x0000000749000000|100%| E|CS|TAMS 0x0000000748f00000, 0x0000000748f00000| Complete 
| 144|0x0000000749000000, 0x0000000749100000, 0x0000000749100000|100%| E|CS|TAMS 0x0000000749000000, 0x0000000749000000| Complete 
| 145|0x0000000749100000, 0x0000000749200000, 0x0000000749200000|100%| E|CS|TAMS 0x0000000749100000, 0x0000000749100000| Complete 
| 146|0x0000000749200000, 0x0000000749300000, 0x0000000749300000|100%| E|CS|TAMS 0x0000000749200000, 0x0000000749200000| Complete 
| 147|0x0000000749300000, 0x0000000749400000, 0x0000000749400000|100%| E|CS|TAMS 0x0000000749300000, 0x0000000749300000| Complete 
| 148|0x0000000749400000, 0x0000000749500000, 0x0000000749500000|100%| E|CS|TAMS 0x0000000749400000, 0x0000000749400000| Complete 
| 149|0x0000000749500000, 0x0000000749600000, 0x0000000749600000|100%| E|CS|TAMS 0x0000000749500000, 0x0000000749500000| Complete 
| 150|0x0000000749600000, 0x0000000749700000, 0x0000000749700000|100%| E|CS|TAMS 0x0000000749600000, 0x0000000749600000| Complete 
| 151|0x0000000749700000, 0x0000000749800000, 0x0000000749800000|100%| E|CS|TAMS 0x0000000749700000, 0x0000000749700000| Complete 
| 152|0x0000000749800000, 0x0000000749900000, 0x0000000749900000|100%| E|CS|TAMS 0x0000000749800000, 0x0000000749800000| Complete 
| 153|0x0000000749900000, 0x0000000749a00000, 0x0000000749a00000|100%| E|CS|TAMS 0x0000000749900000, 0x0000000749900000| Complete 
| 154|0x0000000749a00000, 0x0000000749b00000, 0x0000000749b00000|100%| O|  |TAMS 0x0000000749b00000, 0x0000000749a00000| Untracked 
| 155|0x0000000749b00000, 0x0000000749c00000, 0x0000000749c00000|100%| E|CS|TAMS 0x0000000749b00000, 0x0000000749b00000| Complete 
| 156|0x0000000749c00000, 0x0000000749d00000, 0x0000000749d00000|100%| O|  |TAMS 0x0000000749d00000, 0x0000000749c00000| Untracked 
| 157|0x0000000749d00000, 0x0000000749e00000, 0x0000000749e00000|100%| O|  |TAMS 0x0000000749e00000, 0x0000000749d00000| Untracked 
| 158|0x0000000749e00000, 0x0000000749f00000, 0x0000000749f00000|100%| E|CS|TAMS 0x0000000749e00000, 0x0000000749e00000| Complete 
| 159|0x0000000749f00000, 0x000000074a000000, 0x000000074a000000|100%| E|CS|TAMS 0x0000000749f00000, 0x0000000749f00000| Complete 
| 160|0x000000074a000000, 0x000000074a100000, 0x000000074a100000|100%| E|CS|TAMS 0x000000074a000000, 0x000000074a000000| Complete 
| 161|0x000000074a100000, 0x000000074a200000, 0x000000074a200000|100%| E|CS|TAMS 0x000000074a100000, 0x000000074a100000| Complete 
| 162|0x000000074a200000, 0x000000074a300000, 0x000000074a300000|100%| E|CS|TAMS 0x000000074a200000, 0x000000074a200000| Complete 
| 163|0x000000074a300000, 0x000000074a400000, 0x000000074a400000|100%| E|CS|TAMS 0x000000074a300000, 0x000000074a300000| Complete 
| 164|0x000000074a400000, 0x000000074a500000, 0x000000074a500000|100%| E|CS|TAMS 0x000000074a400000, 0x000000074a400000| Complete 
| 165|0x000000074a500000, 0x000000074a600000, 0x000000074a600000|100%| E|CS|TAMS 0x000000074a500000, 0x000000074a500000| Complete 
| 166|0x000000074a600000, 0x000000074a700000, 0x000000074a700000|100%| E|CS|TAMS 0x000000074a600000, 0x000000074a600000| Complete 
| 167|0x000000074a700000, 0x000000074a800000, 0x000000074a800000|100%| E|CS|TAMS 0x000000074a700000, 0x000000074a700000| Complete 
| 168|0x000000074a800000, 0x000000074a900000, 0x000000074a900000|100%| E|CS|TAMS 0x000000074a800000, 0x000000074a800000| Complete 
| 169|0x000000074a900000, 0x000000074aa00000, 0x000000074aa00000|100%| E|CS|TAMS 0x000000074a900000, 0x000000074a900000| Complete 
| 170|0x000000074aa00000, 0x000000074ab00000, 0x000000074ab00000|100%| E|CS|TAMS 0x000000074aa00000, 0x000000074aa00000| Complete 
| 171|0x000000074ab00000, 0x000000074ac00000, 0x000000074ac00000|100%| E|CS|TAMS 0x000000074ab00000, 0x000000074ab00000| Complete 
| 172|0x000000074ac00000, 0x000000074ad00000, 0x000000074ad00000|100%| E|CS|TAMS 0x000000074ac00000, 0x000000074ac00000| Complete 
| 173|0x000000074ad00000, 0x000000074ae00000, 0x000000074ae00000|100%| E|CS|TAMS 0x000000074ad00000, 0x000000074ad00000| Complete 
| 174|0x000000074ae00000, 0x000000074af00000, 0x000000074af00000|100%| E|CS|TAMS 0x000000074ae00000, 0x000000074ae00000| Complete 
| 175|0x000000074af00000, 0x000000074b000000, 0x000000074b000000|100%| E|CS|TAMS 0x000000074af00000, 0x000000074af00000| Complete 
| 176|0x000000074b000000, 0x000000074b100000, 0x000000074b100000|100%| E|CS|TAMS 0x000000074b000000, 0x000000074b000000| Complete 
| 177|0x000000074b100000, 0x000000074b200000, 0x000000074b200000|100%| E|CS|TAMS 0x000000074b100000, 0x000000074b100000| Complete 
| 178|0x000000074b200000, 0x000000074b300000, 0x000000074b300000|100%| E|CS|TAMS 0x000000074b200000, 0x000000074b200000| Complete 
| 179|0x000000074b300000, 0x000000074b400000, 0x000000074b400000|100%| E|CS|TAMS 0x000000074b300000, 0x000000074b300000| Complete 
| 180|0x000000074b400000, 0x000000074b500000, 0x000000074b500000|100%| E|CS|TAMS 0x000000074b400000, 0x000000074b400000| Complete 
| 181|0x000000074b500000, 0x000000074b600000, 0x000000074b600000|100%| E|CS|TAMS 0x000000074b500000, 0x000000074b500000| Complete 
| 182|0x000000074b600000, 0x000000074b700000, 0x000000074b700000|100%| E|CS|TAMS 0x000000074b600000, 0x000000074b600000| Complete 
| 183|0x000000074b700000, 0x000000074b800000, 0x000000074b800000|100%| E|CS|TAMS 0x000000074b700000, 0x000000074b700000| Complete 
| 184|0x000000074b800000, 0x000000074b900000, 0x000000074b900000|100%| E|CS|TAMS 0x000000074b800000, 0x000000074b800000| Complete 
| 185|0x000000074b900000, 0x000000074ba00000, 0x000000074ba00000|100%| E|CS|TAMS 0x000000074b900000, 0x000000074b900000| Complete 
| 186|0x000000074ba00000, 0x000000074bb00000, 0x000000074bb00000|100%| E|CS|TAMS 0x000000074ba00000, 0x000000074ba00000| Complete 
| 187|0x000000074bb00000, 0x000000074bc00000, 0x000000074bc00000|100%| E|CS|TAMS 0x000000074bb00000, 0x000000074bb00000| Complete 
| 188|0x000000074bc00000, 0x000000074bd00000, 0x000000074bd00000|100%| E|CS|TAMS 0x000000074bc00000, 0x000000074bc00000| Complete 
| 189|0x000000074bd00000, 0x000000074be00000, 0x000000074be00000|100%| E|CS|TAMS 0x000000074bd00000, 0x000000074bd00000| Complete 
| 190|0x000000074be00000, 0x000000074bf00000, 0x000000074bf00000|100%| E|CS|TAMS 0x000000074be00000, 0x000000074be00000| Complete 
| 191|0x000000074bf00000, 0x000000074c000000, 0x000000074c000000|100%| E|CS|TAMS 0x000000074bf00000, 0x000000074bf00000| Complete 
| 192|0x000000074c000000, 0x000000074c100000, 0x000000074c100000|100%| E|CS|TAMS 0x000000074c000000, 0x000000074c000000| Complete 
| 193|0x000000074c100000, 0x000000074c200000, 0x000000074c200000|100%| E|  |TAMS 0x000000074c100000, 0x000000074c100000| Complete 
| 194|0x000000074c200000, 0x000000074c300000, 0x000000074c300000|100%| E|CS|TAMS 0x000000074c200000, 0x000000074c200000| Complete 
| 195|0x000000074c300000, 0x000000074c400000, 0x000000074c400000|100%| E|CS|TAMS 0x000000074c300000, 0x000000074c300000| Complete 

Card table byte_map: [0x000000010141c000,0x000000010181c000] _byte_map_base: 0x00000000fda1c000

Marking Bits (Prev, Next): (CMBitMap*) 0x000000013d03a450, (CMBitMap*) 0x000000013d03a418
 Prev Bits: [0x000000011bfb4000, 0x000000011dfb4000)
 Next Bits: [0x0000000119fb4000, 0x000000011bfb4000)

Polling page: 0x0000000100ce4000

Metaspace:

Usage:
  Non-class:    101.06 MB capacity,    96.33 MB ( 95%) used,     3.62 MB (  4%) free+waste,     1.11 MB (  1%) overhead. 
      Class:     23.15 MB capacity,    17.83 MB ( 77%) used,     4.67 MB ( 20%) free+waste,   665.12 KB (  3%) overhead. 
       Both:    124.22 MB capacity,   114.16 MB ( 92%) used,     8.30 MB (  7%) free+waste,     1.76 MB (  1%) overhead. 

Virtual space:
  Non-class space:      102.00 MB reserved,     101.25 MB (>99%) committed 
      Class space:        1.00 GB reserved,      23.19 MB (  2%) committed 
             Both:        1.10 GB reserved,     124.44 MB ( 11%) committed 

Chunk freelists:
   Non-Class:  0 bytes
       Class:  0 bytes
        Both:  0 bytes

MaxMetaspaceSize: unlimited
CompressedClassSpaceSize: 1.00 GB
Initial GC threshold: 20.80 MB
Current GC threshold: 198.62 MB
CDS: off

CodeHeap 'non-profiled nmethods': size=120032Kb used=6791Kb max_used=6791Kb free=113240Kb
 bounds [0x0000000112a7c000, 0x000000011312c000, 0x0000000119fb4000]
CodeHeap 'profiled nmethods': size=120016Kb used=30759Kb max_used=30759Kb free=89257Kb
 bounds [0x000000010b548000, 0x000000010d358000, 0x0000000112a7c000]
CodeHeap 'non-nmethods': size=5712Kb used=1447Kb max_used=1532Kb free=4264Kb
 bounds [0x000000010afb4000, 0x000000010b224000, 0x000000010b548000]
 total_blobs=16506 nmethods=15703 adapters=713
 compilation: enabled
              stopped_count=0, restarted_count=0
 full_count=0

Compilation events (20 events):
Event: 6.187 Thread 0x000000013d10a800 16043       2       sbt.Classpaths$$anonfun$$nestedInanonfun$enabledOnly$1$1::applyOrElse (10 bytes)
Event: 6.187 Thread 0x000000013d10a800 nmethod 16043 0x000000010d347410 code [0x000000010d3475c0, 0x000000010d3477c0]
Event: 6.188 Thread 0x000000013d10a800 16048       2       sbt.internal.util.Init$Keyed$$Lambda$2097/0x0000000800af5840::apply (12 bytes)
Event: 6.188 Thread 0x000000013d10a800 nmethod 16048 0x000000010d347890 code [0x000000010d347a40, 0x000000010d347c70]
Event: 6.188 Thread 0x000000013d10a800 16050       2       sbt.Info::name (16 bytes)
Event: 6.189 Thread 0x000000013d10a800 nmethod 16050 0x000000010d347d90 code [0x000000010d347f40, 0x000000010d348180]
Event: 6.189 Thread 0x000000013d10a800 16049       2       sbt.internal.util.Init$Keyed::$anonfun$mapConstant$1 (13 bytes)
Event: 6.189 Thread 0x000000013d10a800 nmethod 16049 0x000000010d348290 code [0x000000010d348440, 0x000000010d348630]
Event: 6.189 Thread 0x000000013d10a800 16051       2       sbt.InputTask$::make (9 bytes)
Event: 6.189 Thread 0x000000013d10a800 nmethod 16051 0x000000010d348710 code [0x000000010d3488c0, 0x000000010d348b10]
Event: 6.189 Thread 0x000000013d10a800 16052       1       sbt.internal.util.complete.Finite::value (5 bytes)
Event: 6.189 Thread 0x000000013d10a800 nmethod 16052 0x0000000113114d10 code [0x0000000113114ec0, 0x0000000113115010]
Event: 6.191 Thread 0x000000013d10a800 16054       2       sbt.Task$$Lambda$2297/0x0000000800ba8040::apply (8 bytes)
Event: 6.191 Thread 0x000000013d10a800 nmethod 16054 0x000000010d348c10 code [0x000000010d348dc0, 0x000000010d3490c0]
Event: 6.191 Thread 0x000000013d10a800 16053       1       sbt.internal.librarymanagement.SemComparator::op (5 bytes)
Event: 6.191 Thread 0x000000013d10a800 nmethod 16053 0x0000000113115090 code [0x0000000113115240, 0x0000000113115390]
Event: 6.192 Thread 0x000000013d10a800 16055       2       sbt.internal.util.Init$Bind$$Lambda$978/0x00000008006d8040::apply (13 bytes)
Event: 6.192 Thread 0x000000013d10a800 nmethod 16055 0x000000010d349210 code [0x000000010d349400, 0x000000010d3496b0]
Event: 6.192 Thread 0x000000013d10a800 16056       2       sbt.internal.util.Init$Bind::$anonfun$mapReferenced$1 (20 bytes)
Event: 6.192 Thread 0x000000013d10a800 nmethod 16056 0x000000010d349810 code [0x000000010d349a00, 0x000000010d349c30]

GC Heap History (20 events):
Event: 3.258 GC heap before
{Heap before GC invocations=10 (full 0):
 garbage-first heap   total 157696K, used 148434K [0x0000000740000000, 0x00000007c0000000)
  region size 1024K, 92 young (94208K), 8 survivors (8192K)
 Metaspace       used 78778K, capacity 84750K, committed 84928K, reserved 1118208K
  class space    used 12504K, capacity 15732K, committed 15808K, reserved 1048576K
}
Event: 3.262 GC heap after
{Heap after GC invocations=11 (full 0):
 garbage-first heap   total 161792K, used 25955K [0x0000000740000000, 0x00000007c0000000)
  region size 1024K, 4 young (4096K), 4 survivors (4096K)
 Metaspace       used 78778K, capacity 84750K, committed 84928K, reserved 1118208K
  class space    used 12504K, capacity 15732K, committed 15808K, reserved 1048576K
}
Event: 3.576 GC heap before
{Heap before GC invocations=11 (full 0):
 garbage-first heap   total 161792K, used 154979K [0x0000000740000000, 0x00000007c0000000)
  region size 1024K, 91 young (93184K), 4 survivors (4096K)
 Metaspace       used 83175K, capacity 89630K, committed 89664K, reserved 1122304K
  class space    used 13185K, capacity 16676K, committed 16704K, reserved 1048576K
}
Event: 3.580 GC heap after
{Heap after GC invocations=12 (full 0):
 garbage-first heap   total 166912K, used 31720K [0x0000000740000000, 0x00000007c0000000)
  region size 1024K, 10 young (10240K), 10 survivors (10240K)
 Metaspace       used 83175K, capacity 89630K, committed 89664K, reserved 1122304K
  class space    used 13185K, capacity 16676K, committed 16704K, reserved 1048576K
}
Event: 3.805 GC heap before
{Heap before GC invocations=12 (full 0):
 garbage-first heap   total 166912K, used 119784K [0x0000000740000000, 0x00000007c0000000)
  region size 1024K, 97 young (99328K), 10 survivors (10240K)
 Metaspace       used 90746K, capacity 98467K, committed 98752K, reserved 1128448K
  class space    used 14837K, capacity 19025K, committed 19136K, reserved 1048576K
}
Event: 3.813 GC heap after
{Heap after GC invocations=13 (full 0):
 garbage-first heap   total 166912K, used 35083K [0x0000000740000000, 0x00000007c0000000)
  region size 1024K, 10 young (10240K), 10 survivors (10240K)
 Metaspace       used 90746K, capacity 98467K, committed 98752K, reserved 1128448K
  class space    used 14837K, capacity 19025K, committed 19136K, reserved 1048576K
}
Event: 4.093 GC heap before
{Heap before GC invocations=13 (full 0):
 garbage-first heap   total 166912K, used 123147K [0x0000000740000000, 0x00000007c0000000)
  region size 1024K, 97 young (99328K), 10 survivors (10240K)
 Metaspace       used 93956K, capacity 102257K, committed 102336K, reserved 1132544K
  class space    used 15602K, capacity 20091K, committed 20160K, reserved 1048576K
}
Event: 4.096 GC heap after
{Heap after GC invocations=14 (full 0):
 garbage-first heap   total 166912K, used 37420K [0x0000000740000000, 0x00000007c0000000)
  region size 1024K, 7 young (7168K), 7 survivors (7168K)
 Metaspace       used 93956K, capacity 102257K, committed 102336K, reserved 1132544K
  class space    used 15602K, capacity 20091K, committed 20160K, reserved 1048576K
}
Event: 4.323 GC heap before
{Heap before GC invocations=14 (full 0):
 garbage-first heap   total 166912K, used 129580K [0x0000000740000000, 0x00000007c0000000)
  region size 1024K, 97 young (99328K), 7 survivors (7168K)
 Metaspace       used 96168K, capacity 104825K, committed 104896K, reserved 1134592K
  class space    used 15923K, capacity 20611K, committed 20672K, reserved 1048576K
}
Event: 4.336 GC heap after
{Heap after GC invocations=15 (full 0):
 garbage-first heap   total 166912K, used 37302K [0x0000000740000000, 0x00000007c0000000)
  region size 1024K, 7 young (7168K), 7 survivors (7168K)
 Metaspace       used 96168K, capacity 104825K, committed 104896K, reserved 1134592K
  class space    used 15923K, capacity 20611K, committed 20672K, reserved 1048576K
}
Event: 4.477 GC heap before
{Heap before GC invocations=15 (full 0):
 garbage-first heap   total 166912K, used 128438K [0x0000000740000000, 0x00000007c0000000)
  region size 1024K, 97 young (99328K), 7 survivors (7168K)
 Metaspace       used 97125K, capacity 106043K, committed 106176K, reserved 1134592K
  class space    used 16087K, capacity 20879K, committed 20928K, reserved 1048576K
}
Event: 4.481 GC heap after
{Heap after GC invocations=16 (full 0):
 garbage-first heap   total 200704K, used 43122K [0x0000000740000000, 0x00000007c0000000)
  region size 1024K, 12 young (12288K), 12 survivors (12288K)
 Metaspace       used 97125K, capacity 106043K, committed 106176K, reserved 1134592K
  class space    used 16087K, capacity 20879K, committed 20928K, reserved 1048576K
}
Event: 4.583 GC heap before
{Heap before GC invocations=16 (full 0):
 garbage-first heap   total 200704K, used 152690K [0x0000000740000000, 0x00000007c0000000)
  region size 1024K, 117 young (119808K), 12 survivors (12288K)
 Metaspace       used 97381K, capacity 106293K, committed 106560K, reserved 1134592K
  class space    used 16123K, capacity 20932K, committed 21056K, reserved 1048576K
}
Event: 4.587 GC heap after
{Heap after GC invocations=17 (full 0):
 garbage-first heap   total 200704K, used 44438K [0x0000000740000000, 0x00000007c0000000)
  region size 1024K, 9 young (9216K), 9 survivors (9216K)
 Metaspace       used 97381K, capacity 106293K, committed 106560K, reserved 1134592K
  class space    used 16123K, capacity 20932K, committed 21056K, reserved 1048576K
}
Event: 4.851 GC heap before
{Heap before GC invocations=17 (full 0):
 garbage-first heap   total 200704K, used 166294K [0x0000000740000000, 0x00000007c0000000)
  region size 1024K, 117 young (119808K), 9 survivors (9216K)
 Metaspace       used 101643K, capacity 110766K, committed 111040K, reserved 1138688K
  class space    used 16450K, capacity 21346K, committed 21440K, reserved 1048576K
}
Event: 4.854 GC heap after
{Heap after GC invocations=18 (full 0):
 garbage-first heap   total 200704K, used 44768K [0x0000000740000000, 0x00000007c0000000)
  region size 1024K, 6 young (6144K), 6 survivors (6144K)
 Metaspace       used 101643K, capacity 110766K, committed 111040K, reserved 1138688K
  class space    used 16450K, capacity 21346K, committed 21440K, reserved 1048576K
}
Event: 5.577 GC heap before
{Heap before GC invocations=18 (full 0):
 garbage-first heap   total 200704K, used 154336K [0x0000000740000000, 0x00000007c0000000)
  region size 1024K, 114 young (116736K), 6 survivors (6144K)
 Metaspace       used 111579K, capacity 121554K, committed 121712K, reserved 1148928K
  class space    used 17683K, capacity 22976K, committed 22976K, reserved 1048576K
}
Event: 5.607 GC heap after
{Heap after GC invocations=19 (full 0):
 garbage-first heap   total 200704K, used 72545K [0x0000000740000000, 0x00000007c0000000)
  region size 1024K, 15 young (15360K), 15 survivors (15360K)
 Metaspace       used 111579K, capacity 121554K, committed 121712K, reserved 1148928K
  class space    used 17683K, capacity 22976K, committed 22976K, reserved 1048576K
}
Event: 6.083 GC heap before
{Heap before GC invocations=20 (full 0):
 garbage-first heap   total 200704K, used 157537K [0x0000000740000000, 0x00000007c0000000)
  region size 1024K, 96 young (98304K), 15 survivors (15360K)
 Metaspace       used 116590K, capacity 126831K, committed 127040K, reserved 1153024K
  class space    used 18195K, capacity 23606K, committed 23616K, reserved 1048576K
}
Event: 6.098 GC heap after
{Heap after GC invocations=21 (full 0):
 garbage-first heap   total 200704K, used 88024K [0x0000000740000000, 0x00000007c0000000)
  region size 1024K, 12 young (12288K), 12 survivors (12288K)
 Metaspace       used 116590K, capacity 126831K, committed 127040K, reserved 1153024K
  class space    used 18195K, capacity 23606K, committed 23616K, reserved 1048576K
}

Deoptimization events (20 events):
Event: 6.101 Thread 0x000000013d0ad800 Uncommon trap: trap_request=0xffffffde fr.pc=0x0000000112d1ccf0 relative=0x00000000000004f0
Event: 6.101 Thread 0x000000013d0ad800 Uncommon trap: reason=class_check action=maybe_recompile pc=0x0000000112d1ccf0 method=jdk.internal.ref.PhantomCleanable.clean()V @ 12 c2
Event: 6.101 Thread 0x000000013d0ad800 DEOPT PACKING pc=0x0000000112d1ccf0 sp=0x0000000171406890
Event: 6.101 Thread 0x000000013d0ad800 DEOPT UNPACKING pc=0x000000010afe8d9c sp=0x0000000171406860 mode 2
Event: 6.104 Thread 0x0000000125bb0800 DEOPT PACKING pc=0x000000010c030674 sp=0x000000017391dc40
Event: 6.104 Thread 0x0000000125bb0800 DEOPT UNPACKING pc=0x000000010afe927c sp=0x000000017391da20 mode 0
Event: 6.116 Thread 0x0000000126387000 DEOPT PACKING pc=0x000000010c030674 sp=0x0000000173b29bf0
Event: 6.116 Thread 0x0000000126387000 DEOPT UNPACKING pc=0x000000010afe927c sp=0x0000000173b299f0 mode 0
Event: 6.189 Thread 0x000000012f36a800 Uncommon trap: trap_request=0xffffffc6 fr.pc=0x0000000112d3fdc8 relative=0x00000000000003c8
Event: 6.189 Thread 0x000000012f36a800 Uncommon trap: reason=bimorphic_or_optimized_type_check action=maybe_recompile pc=0x0000000112d3fdc8 method=sbt.internal.util.SharedAttributeKey.equals(Ljava/lang/Object;)Z @ 78 c2
Event: 6.189 Thread 0x000000012f36a800 DEOPT PACKING pc=0x0000000112d3fdc8 sp=0x0000000175be9ca0
Event: 6.189 Thread 0x000000012d6fa800 Uncommon trap: trap_request=0xffffffc6 fr.pc=0x0000000112d3fdc8 relative=0x00000000000003c8
Event: 6.189 Thread 0x000000012f36a800 DEOPT UNPACKING pc=0x000000010afe8d9c sp=0x0000000175be9ba0 mode 2
Event: 6.189 Thread 0x000000012d6fa800 Uncommon trap: reason=bimorphic_or_optimized_type_check action=maybe_recompile pc=0x0000000112d3fdc8 method=sbt.internal.util.SharedAttributeKey.equals(Ljava/lang/Object;)Z @ 78 c2
Event: 6.189 Thread 0x000000012d6fa800 DEOPT PACKING pc=0x0000000112d3fdc8 sp=0x00000001759ddca0
Event: 6.189 Thread 0x000000012d6fa800 DEOPT UNPACKING pc=0x000000010afe8d9c sp=0x00000001759ddba0 mode 2
Event: 6.191 Thread 0x000000012f667000 Uncommon trap: trap_request=0xffffffc6 fr.pc=0x0000000112d3fdc8 relative=0x00000000000003c8
Event: 6.191 Thread 0x000000012f667000 Uncommon trap: reason=bimorphic_or_optimized_type_check action=maybe_recompile pc=0x0000000112d3fdc8 method=sbt.internal.util.SharedAttributeKey.equals(Ljava/lang/Object;)Z @ 78 c2
Event: 6.191 Thread 0x000000012f667000 DEOPT PACKING pc=0x0000000112d3fdc8 sp=0x00000001753b9cf0
Event: 6.191 Thread 0x000000012f667000 DEOPT UNPACKING pc=0x000000010afe8d9c sp=0x00000001753b9bf0 mode 2

Classes redefined (0 events):
No events

Internal exceptions (20 events):
Event: 5.254 Thread 0x000000013d012000 Exception <a 'java/security/PrivilegedActionException'{0x00000007478b7bd0}> (0x00000007478b7bd0) thrown at [src/hotspot/share/prims/jvm.cpp, line 1306]
Event: 5.254 Thread 0x000000013d012000 Exception <a 'java/security/PrivilegedActionException'{0x00000007478b8e90}> (0x00000007478b8e90) thrown at [src/hotspot/share/prims/jvm.cpp, line 1306]
Event: 5.454 Thread 0x000000013d012000 Exception <a 'java/lang/NoSuchMethodError'{0x0000000745cb1560}: 'java.lang.Object java.lang.invoke.DirectMethodHandle$Holder.invokeStatic(java.lang.Object, java.lang.Object, java.lang.Object, java.lang.Object, java.lang.Object, int, java.lang.Object)'> (0x0000000745cb1560) thrown at [src/hotspot/share/interpreter/linkResolver.cpp, line 773]
Event: 5.454 Thread 0x000000013d012000 Exception <a 'java/lang/NoSuchMethodError'{0x0000000745cb9370}: 'java.lang.Object java.lang.invoke.Invokers$Holder.linkToTargetMethod(java.lang.Object, java.lang.Object, java.lang.Object, java.lang.Object, int, java.lang.Object, java.lang.Object)'> (0x0000000745cb9370) thrown at [src/hotspot/share/interpreter/linkResolver.cpp, line 773]
Event: 5.879 Thread 0x000000013d012000 Exception <a 'java/lang/NoSuchMethodError'{0x000000074ab2f670}: 'java.lang.Object java.lang.invoke.DirectMethodHandle$Holder.invokeStatic(java.lang.Object, java.lang.Object, int, java.lang.Object, java.lang.Object, java.lang.Object, java.lang.Object, java.lang.Object)'> (0x000000074ab2f670) thrown at [src/hotspot/share/interpreter/linkResolver.cpp, line 773]
Event: 5.879 Thread 0x000000013d012000 Exception <a 'java/lang/NoSuchMethodError'{0x000000074ab3aa28}: 'java.lang.Object java.lang.invoke.DirectMethodHandle$Holder.invokeSpecial(java.lang.Object, java.lang.Object, java.lang.Object, int, java.lang.Object, java.lang.Object, java.lang.Object, java.lang.Object)'> (0x000000074ab3aa28) thrown at [src/hotspot/share/interpreter/linkResolver.cpp, line 773]
Event: 5.880 Thread 0x000000013d012000 Exception <a 'java/lang/NoSuchMethodError'{0x000000074ab3e720}: 'java.lang.Object java.lang.invoke.Invokers$Holder.linkToTargetMethod(java.lang.Object, int, java.lang.Object, java.lang.Object, java.lang.Object, java.lang.Object, java.lang.Object)'> (0x000000074ab3e720) thrown at [src/hotspot/share/interpreter/linkResolver.cpp, line 773]
Event: 5.890 Thread 0x000000013d012000 Exception <a 'java/lang/NoSuchMethodError'{0x000000074aa43dc8}: 'java.lang.Object java.lang.invoke.DirectMethodHandle$Holder.invokeSpecial(java.lang.Object, java.lang.Object, java.lang.Object, java.lang.Object, int, java.lang.Object, java.lang.Object)'> (0x000000074aa43dc8) thrown at [src/hotspot/share/interpreter/linkResolver.cpp, line 773]
Event: 5.890 Thread 0x000000013d012000 Exception <a 'java/lang/NoSuchMethodError'{0x000000074aa47930}: 'java.lang.Object java.lang.invoke.Invokers$Holder.linkToTargetMethod(java.lang.Object, java.lang.Object, int, java.lang.Object, java.lang.Object, java.lang.Object)'> (0x000000074aa47930) thrown at [src/hotspot/share/interpreter/linkResolver.cpp, line 773]
Event: 5.907 Thread 0x000000013d012000 Exception <a 'sun/nio/fs/UnixException'{0x000000074a876e90}> (0x000000074a876e90) thrown at [src/hotspot/share/prims/jni.cpp, line 617]
Event: 5.910 Thread 0x000000013d012000 Exception <a 'sun/nio/fs/UnixException'{0x000000074a8bdae0}> (0x000000074a8bdae0) thrown at [src/hotspot/share/prims/jni.cpp, line 617]
Event: 5.911 Thread 0x000000013d012000 Exception <a 'sun/nio/fs/UnixException'{0x000000074a8da8b8}> (0x000000074a8da8b8) thrown at [src/hotspot/share/prims/jni.cpp, line 617]
Event: 5.911 Thread 0x000000013d012000 Exception <a 'sun/nio/fs/UnixException'{0x000000074a8dc2f0}> (0x000000074a8dc2f0) thrown at [src/hotspot/share/prims/jni.cpp, line 617]
Event: 5.987 Thread 0x000000013d012000 Exception <a 'sun/nio/fs/UnixException'{0x0000000749964ef8}> (0x0000000749964ef8) thrown at [src/hotspot/share/prims/jni.cpp, line 617]
Event: 5.989 Thread 0x000000013d012000 Exception <a 'sun/nio/fs/UnixException'{0x0000000749983198}> (0x0000000749983198) thrown at [src/hotspot/share/prims/jni.cpp, line 617]
Event: 6.187 Thread 0x000000012b8f9800 Exception <a 'java/lang/NoSuchMethodError'{0x0000000748c3dc40}: 'java.lang.Object java.lang.invoke.DirectMethodHandle$Holder.invokeStatic(java.lang.Object, java.lang.Object, java.lang.Object, java.lang.Object, java.lang.Object, java.lang.Object, int, java.lang.Object)'> (0x0000000748c3dc40) thrown at [src/hotspot/share/interpreter/linkResolver.cpp, line 773]
Event: 6.188 Thread 0x000000012b8f9800 Exception <a 'java/lang/NoSuchMethodError'{0x0000000748c473f8}: 'java.lang.Object java.lang.invoke.DirectMethodHandle$Holder.invokeSpecial(java.lang.Object, java.lang.Object, java.lang.Object, java.lang.Object, java.lang.Object, java.lang.Object, java.lang.Object, int, java.lang.Object)'> (0x0000000748c473f8) thrown at [src/hotspot/share/interpreter/linkResolver.cpp, line 773]
Event: 6.188 Thread 0x000000012b8f9800 Exception <a 'java/lang/NoSuchMethodError'{0x0000000748cc43a8}: 'java.lang.Object java.lang.invoke.Invokers$Holder.linkToTargetMethod(java.lang.Object, java.lang.Object, java.lang.Object, java.lang.Object, java.lang.Object, int, java.lang.Object, java.lang.Object)'> (0x0000000748cc43a8) thrown at [src/hotspot/share/interpreter/linkResolver.cpp, line 773]
Event: 6.188 Thread 0x0000000126839800 Exception <a 'java/lang/NoSuchMethodError'{0x0000000748c987a0}: 'java.lang.Object java.lang.invoke.DirectMethodHandle$Holder.invokeSpecial(java.lang.Object, java.lang.Object, java.lang.Object, java.lang.Object, java.lang.Object, java.lang.Object, java.lang.Object, int, java.lang.Object)'> (0x0000000748c987a0) thrown at [src/hotspot/share/interpreter/linkResolver.cpp, line 773]
Event: 6.188 Thread 0x0000000126839800 Exception <a 'java/lang/NoSuchMethodError'{0x0000000748c9bb40}: 'java.lang.Object java.lang.invoke.Invokers$Holder.linkToTargetMethod(java.lang.Object, java.lang.Object, java.lang.Object, java.lang.Object, java.lang.Object, int, java.lang.Object, java.lang.Object)'> (0x0000000748c9bb40) thrown at [src/hotspot/share/interpreter/linkResolver.cpp, line 773]

Events (20 events):
Event: 6.189 loading class scala/Option
Event: 6.189 loading class scala/Option done
Event: 6.189 loading class scala/Function1
Event: 6.189 loading class scala/Function1 done
Event: 6.189 loading class scala/Function1
Event: 6.189 loading class scala/Function1 done
Event: 6.190 loading class core/tools/linker/backend/ModuleKind
Event: 6.190 loading class core/tools/linker/backend/ModuleKind done
Event: 6.191 loading class scala/Function0
Event: 6.191 loading class scala/Function0 done
Event: 6.191 loading class scala/Function0
Event: 6.191 loading class scala/Function0 done
Event: 6.192 loading class sbt/State
Event: 6.192 loading class sbt/State done
Event: 6.192 loading class sbt/State
Event: 6.192 loading class sbt/State done
Event: 6.192 loading class scala/Function1
Event: 6.192 loading class scala/Function1 done
Event: 6.192 loading class core/tools/linker/backend/ModuleKind
Event: 6.192 loading class core/tools/linker/backend/ModuleKind done


Dynamic libraries:
0x0000000100c90000 	/opt/homebrew/Cellar/openjdk@11/11.0.25/libexec/openjdk.jdk/Contents/Home/lib/jli/libjli.dylib
0x00000001b17ce000 	/System/Library/Frameworks/Cocoa.framework/Versions/A/Cocoa
0x0000000199716000 	/System/Library/Frameworks/AppKit.framework/Versions/C/AppKit
0x000000019c9c5000 	/System/Library/Frameworks/CoreData.framework/Versions/A/CoreData
0x0000000196d5c000 	/System/Library/Frameworks/Foundation.framework/Versions/C/Foundation
0x00000001a36c8000 	/usr/lib/libSystem.B.dylib
0x000000019ab4f000 	/System/Library/PrivateFrameworks/UIFoundation.framework/Versions/A/UIFoundation
0x000000023e747000 	/System/Library/PrivateFrameworks/CollectionViewCore.framework/Versions/A/CollectionViewCore
0x00000001aa954000 	/System/Library/PrivateFrameworks/RemoteViewServices.framework/Versions/A/RemoteViewServices
0x00000001a1350000 	/System/Library/PrivateFrameworks/XCTTargetBootstrap.framework/Versions/A/XCTTargetBootstrap
0x00000001a5dad000 	/System/Library/PrivateFrameworks/InternationalSupport.framework/Versions/A/InternationalSupport
0x00000001a5e0c000 	/System/Library/PrivateFrameworks/UserActivity.framework/Versions/A/UserActivity
0x0000000269ead000 	/System/Library/PrivateFrameworks/UIIntelligenceSupport.framework/Versions/A/UIIntelligenceSupport
0x0000000234b48000 	/System/Library/Frameworks/SwiftUICore.framework/Versions/A/SwiftUICore
0x000000026edce000 	/System/Library/PrivateFrameworks/WritingTools.framework/Versions/A/WritingTools
0x000000026de24000 	/System/Library/PrivateFrameworks/WindowManagement.framework/Versions/A/WindowManagement
0x00000001969b6000 	/System/Library/Frameworks/SystemConfiguration.framework/Versions/A/SystemConfiguration
0x00000001a51f7000 	/usr/lib/libspindump.dylib
0x000000019ad01000 	/System/Library/Frameworks/UniformTypeIdentifiers.framework/Versions/A/UniformTypeIdentifiers
0x00000001a2ac6000 	/usr/lib/libbsm.0.dylib
0x000000019ee12000 	/usr/lib/libapp_launch_measurement.dylib
0x000000019e20f000 	/System/Library/PrivateFrameworks/CoreAnalytics.framework/Versions/A/CoreAnalytics
0x000000019ee16000 	/System/Library/PrivateFrameworks/CoreAutoLayout.framework/Versions/A/CoreAutoLayout
0x00000001a0999000 	/System/Library/Frameworks/Metal.framework/Versions/A/Metal
0x00000001a1b97000 	/usr/lib/liblangid.dylib
0x00000001a1356000 	/System/Library/PrivateFrameworks/CoreSVG.framework/Versions/A/CoreSVG
0x000000019b71d000 	/System/Library/PrivateFrameworks/SkyLight.framework/Versions/A/SkyLight
0x000000019bc4a000 	/System/Library/Frameworks/CoreGraphics.framework/Versions/A/CoreGraphics
0x00000001ab02a000 	/System/Library/Frameworks/Accelerate.framework/Versions/A/Accelerate
0x00000001a5029000 	/System/Library/PrivateFrameworks/IconServices.framework/Versions/A/IconServices
0x00000001a0976000 	/System/Library/Frameworks/IOSurface.framework/Versions/A/IOSurface
0x000000019e241000 	/usr/lib/libDiagnosticMessagesClient.dylib
0x00000001a360c000 	/usr/lib/libz.1.dylib
0x00000001aeeb4000 	/System/Library/Frameworks/ApplicationServices.framework/Versions/A/ApplicationServices
0x00000001a133b000 	/System/Library/PrivateFrameworks/DFRFoundation.framework/Versions/A/DFRFoundation
0x0000000198f80000 	/usr/lib/libicucore.A.dylib
0x00000001a6f26000 	/System/Library/Frameworks/AudioToolbox.framework/Versions/A/AudioToolbox
0x00000001a5dbd000 	/System/Library/PrivateFrameworks/DataDetectorsCore.framework/Versions/A/DataDetectorsCore
0x00000001c1425000 	/System/Library/PrivateFrameworks/TextInput.framework/Versions/A/TextInput
0x000000019b669000 	/usr/lib/libMobileGestalt.dylib
0x00000001a1033000 	/System/Library/Frameworks/Carbon.framework/Versions/A/Frameworks/HIToolbox.framework/Versions/A/HIToolbox
0x000000019e712000 	/System/Library/Frameworks/QuartzCore.framework/Versions/A/QuartzCore
0x0000000198b8c000 	/System/Library/Frameworks/Security.framework/Versions/A/Security
0x00000001aa98f000 	/System/Library/Frameworks/Carbon.framework/Versions/A/Frameworks/SpeechRecognition.framework/Versions/A/SpeechRecognition
0x000000019eb2b000 	/System/Library/PrivateFrameworks/CoreUI.framework/Versions/A/CoreUI
0x0000000198440000 	/System/Library/Frameworks/CoreAudio.framework/Versions/A/CoreAudio
0x000000019e32d000 	/System/Library/Frameworks/DiskArbitration.framework/Versions/A/DiskArbitration
0x00000001a566a000 	/System/Library/PrivateFrameworks/MultitouchSupport.framework/Versions/A/MultitouchSupport
0x000000019b667000 	/usr/lib/libenergytrace.dylib
0x00000001b5e2c000 	/System/Library/PrivateFrameworks/RenderBox.framework/Versions/A/RenderBox
0x00000001995c6000 	/System/Library/Frameworks/IOKit.framework/Versions/A/IOKit
0x00000001aad83000 	/System/Library/Frameworks/CoreServices.framework/Versions/A/CoreServices
0x000000019eda3000 	/System/Library/PrivateFrameworks/PerformanceAnalysis.framework/Versions/A/PerformanceAnalysis
0x00000001f2971000 	/System/Library/Frameworks/OpenGL.framework/Versions/A/OpenGL
0x000000019ee60000 	/usr/lib/libxml2.2.dylib
0x00000001a29ad000 	/System/Library/PrivateFrameworks/MobileKeyBag.framework/Versions/A/MobileKeyBag
0x0000000195728000 	/usr/lib/libobjc.A.dylib
0x0000000195a15000 	/usr/lib/libc++.1.dylib
0x00000001aad03000 	/System/Library/Frameworks/Accessibility.framework/Versions/A/Accessibility
0x000000019c369000 	/System/Library/Frameworks/ColorSync.framework/Versions/A/ColorSync
0x0000000195b6b000 	/System/Library/Frameworks/CoreFoundation.framework/Versions/A/CoreFoundation
0x00000001a1714000 	/System/Library/Frameworks/CoreImage.framework/Versions/A/CoreImage
0x0000000198230000 	/System/Library/Frameworks/CoreText.framework/Versions/A/CoreText
0x00000001f3ed6000 	/System/Library/Frameworks/CoreTransferable.framework/Versions/A/CoreTransferable
0x00000001f4475000 	/System/Library/Frameworks/DeveloperToolsSupport.framework/Versions/A/DeveloperToolsSupport
0x00000001a1392000 	/System/Library/Frameworks/ImageIO.framework/Versions/A/ImageIO
0x0000000235761000 	/System/Library/Frameworks/Symbols.framework/Versions/A/Symbols
0x00000001a36cd000 	/System/Library/PrivateFrameworks/SoftLinking.framework/Versions/A/SoftLinking
0x00000001d32d6000 	/usr/lib/swift/libswiftAccelerate.dylib
0x00000001a6887000 	/usr/lib/swift/libswiftCore.dylib
0x00000001bdbaa000 	/usr/lib/swift/libswiftCoreFoundation.dylib
0x00000001bdc07000 	/usr/lib/swift/libswiftCoreImage.dylib
0x00000001bb35b000 	/usr/lib/swift/libswiftDarwin.dylib
0x00000001ac83a000 	/usr/lib/swift/libswiftDispatch.dylib
0x00000001bdc08000 	/usr/lib/swift/libswiftIOKit.dylib
0x00000001ca415000 	/usr/lib/swift/libswiftMetal.dylib
0x00000001d874d000 	/usr/lib/swift/libswiftOSLog.dylib
0x00000001af41f000 	/usr/lib/swift/libswiftObjectiveC.dylib
0x0000000275fad000 	/usr/lib/swift/libswiftObservation.dylib
0x00000001ced3b000 	/usr/lib/swift/libswiftQuartzCore.dylib
0x00000001d32c7000 	/usr/lib/swift/libswiftUniformTypeIdentifiers.dylib
0x00000001bdbbc000 	/usr/lib/swift/libswiftXPC.dylib
0x00000002760a3000 	/usr/lib/swift/libswift_Builtin_float.dylib
0x00000002760a8000 	/usr/lib/swift/libswift_Concurrency.dylib
0x0000000276210000 	/usr/lib/swift/libswift_StringProcessing.dylib
0x00000002762c3000 	/usr/lib/swift/libswift_errno.dylib
0x00000002762c5000 	/usr/lib/swift/libswift_math.dylib
0x00000002762c8000 	/usr/lib/swift/libswift_signal.dylib
0x00000002762c9000 	/usr/lib/swift/libswift_stdio.dylib
0x00000002762ca000 	/usr/lib/swift/libswift_time.dylib
0x00000001af423000 	/usr/lib/swift/libswiftos.dylib
0x00000001c137c000 	/usr/lib/swift/libswiftsimd.dylib
0x00000002762cb000 	/usr/lib/swift/libswiftsys_time.dylib
0x00000002762cc000 	/usr/lib/swift/libswiftunistd.dylib
0x00000001a3879000 	/usr/lib/libcompression.dylib
0x00000001a5d05000 	/System/Library/PrivateFrameworks/TextureIO.framework/Versions/A/TextureIO
0x00000001a4cba000 	/usr/lib/libate.dylib
0x00000001a36c2000 	/usr/lib/system/libcache.dylib
0x00000001a367b000 	/usr/lib/system/libcommonCrypto.dylib
0x00000001a36a8000 	/usr/lib/system/libcompiler_rt.dylib
0x00000001a369d000 	/usr/lib/system/libcopyfile.dylib
0x0000000195867000 	/usr/lib/system/libcorecrypto.dylib
0x0000000195949000 	/usr/lib/system/libdispatch.dylib
0x0000000195b06000 	/usr/lib/system/libdyld.dylib
0x00000001a36b8000 	/usr/lib/system/libkeymgr.dylib
0x00000001a365a000 	/usr/lib/system/libmacho.dylib
0x00000001a2a9f000 	/usr/lib/system/libquarantine.dylib
0x00000001a36b5000 	/usr/lib/system/libremovefile.dylib
0x000000019b6e2000 	/usr/lib/system/libsystem_asl.dylib
0x00000001957fc000 	/usr/lib/system/libsystem_blocks.dylib
0x0000000195993000 	/usr/lib/system/libsystem_c.dylib
0x00000001a36ac000 	/usr/lib/system/libsystem_collections.dylib
0x00000001a1b84000 	/usr/lib/system/libsystem_configuration.dylib
0x00000001a0947000 	/usr/lib/system/libsystem_containermanager.dylib
0x00000001a31ae000 	/usr/lib/system/libsystem_coreservices.dylib
0x0000000199244000 	/usr/lib/system/libsystem_darwin.dylib
0x000000027640f000 	/usr/lib/system/libsystem_darwindirectory.dylib
0x00000001a36b9000 	/usr/lib/system/libsystem_dnssd.dylib
0x0000000276413000 	/usr/lib/system/libsystem_eligibility.dylib
0x0000000195990000 	/usr/lib/system/libsystem_featureflags.dylib
0x0000000195b3b000 	/usr/lib/system/libsystem_info.dylib
0x00000001a361b000 	/usr/lib/system/libsystem_m.dylib
0x0000000195907000 	/usr/lib/system/libsystem_malloc.dylib
0x000000019b64c000 	/usr/lib/system/libsystem_networkextension.dylib
0x00000001996a7000 	/usr/lib/system/libsystem_notify.dylib
0x00000001a1b89000 	/usr/lib/system/libsystem_sandbox.dylib
0x000000027641a000 	/usr/lib/system/libsystem_sanitizers.dylib
0x00000001a36b1000 	/usr/lib/system/libsystem_secinit.dylib
0x0000000195abe000 	/usr/lib/system/libsystem_kernel.dylib
0x0000000195b33000 	/usr/lib/system/libsystem_platform.dylib
0x0000000195af9000 	/usr/lib/system/libsystem_pthread.dylib
0x000000019d1eb000 	/usr/lib/system/libsystem_symptoms.dylib
0x000000019584b000 	/usr/lib/system/libsystem_trace.dylib
0x00000001a3689000 	/usr/lib/system/libunwind.dylib
0x0000000195800000 	/usr/lib/system/libxpc.dylib
0x0000000195aa3000 	/usr/lib/libc++abi.dylib
0x00000001a3695000 	/usr/lib/liboah.dylib
0x0000000199545000 	/System/Library/PrivateFrameworks/CoreServicesInternal.framework/Versions/A/CoreServicesInternal
0x00000001a36ca000 	/usr/lib/libfakelink.dylib
0x00000001ae966000 	/System/Library/PrivateFrameworks/DiskImages.framework/Versions/A/DiskImages
0x00000001bae88000 	/System/Library/Frameworks/NetFS.framework/Versions/A/NetFS
0x000000019b283000 	/System/Library/Frameworks/CFNetwork.framework/Versions/A/CFNetwork
0x000000019edda000 	/System/Library/Frameworks/CoreServices.framework/Versions/A/Frameworks/FSEvents.framework/Versions/A/FSEvents
0x000000019924f000 	/System/Library/Frameworks/CoreServices.framework/Versions/A/Frameworks/CarbonCore.framework/Versions/A/CarbonCore
0x000000019e2a3000 	/System/Library/Frameworks/CoreServices.framework/Versions/A/Frameworks/Metadata.framework/Versions/A/Metadata
0x00000001a31b5000 	/System/Library/Frameworks/CoreServices.framework/Versions/A/Frameworks/OSServices.framework/Versions/A/OSServices
0x00000001a37a8000 	/System/Library/Frameworks/CoreServices.framework/Versions/A/Frameworks/SearchKit.framework/Versions/A/SearchKit
0x000000019d165000 	/System/Library/Frameworks/CoreServices.framework/Versions/A/Frameworks/AE.framework/Versions/A/AE
0x0000000196060000 	/System/Library/Frameworks/CoreServices.framework/Versions/A/Frameworks/LaunchServices.framework/Versions/A/LaunchServices
0x00000001a4b0c000 	/System/Library/Frameworks/CoreServices.framework/Versions/A/Frameworks/DictionaryServices.framework/Versions/A/DictionaryServices
0x000000019ede8000 	/System/Library/Frameworks/CoreServices.framework/Versions/A/Frameworks/SharedFileList.framework/Versions/A/SharedFileList
0x00000001a3843000 	/usr/lib/libapple_nghttp2.dylib
0x000000019cdcd000 	/usr/lib/libsqlite3.dylib
0x00000001a7592000 	/System/Library/Frameworks/GSS.framework/Versions/A/GSS
0x000000019d0fe000 	/System/Library/PrivateFrameworks/RunningBoardServices.framework/Versions/A/RunningBoardServices
0x000000019d1f4000 	/System/Library/Frameworks/Network.framework/Versions/A/Network
0x00000001a365e000 	/usr/lib/system/libkxld.dylib
0x00000002753e0000 	/usr/lib/libCoreEntitlements.dylib
0x0000000253caf000 	/System/Library/PrivateFrameworks/MessageSecurity.framework/Versions/A/MessageSecurity
0x000000019cdb3000 	/System/Library/PrivateFrameworks/ProtocolBuffer.framework/Versions/A/ProtocolBuffer
0x00000001a3196000 	/System/Library/PrivateFrameworks/AppleFSCompression.framework/Versions/A/AppleFSCompression
0x00000001a2aae000 	/usr/lib/libcoretls.dylib
0x00000001a4b83000 	/usr/lib/libcoretls_cfhelpers.dylib
0x00000001a3873000 	/usr/lib/libpam.2.dylib
0x00000001a4bf6000 	/usr/lib/libxar.1.dylib
0x00000001a371f000 	/usr/lib/libarchive.2.dylib
0x00000001a8c84000 	/System/Library/Frameworks/Combine.framework/Versions/A/Combine
0x000000023e76b000 	/System/Library/PrivateFrameworks/CollectionsInternal.framework/Versions/A/CollectionsInternal
0x000000025bb99000 	/System/Library/PrivateFrameworks/ReflectionInternal.framework/Versions/A/ReflectionInternal
0x000000025c830000 	/System/Library/PrivateFrameworks/RuntimeInternal.framework/Versions/A/RuntimeInternal
0x000000027602a000 	/usr/lib/swift/libswiftSystem.dylib
0x00000001a1b92000 	/System/Library/PrivateFrameworks/AppleSystemInfo.framework/Versions/A/AppleSystemInfo
0x00000001bda9d000 	/System/Library/PrivateFrameworks/LoggingSupport.framework/Versions/A/LoggingSupport
0x000000019efea000 	/System/Library/PrivateFrameworks/UserManagement.framework/Versions/A/UserManagement
0x000000019b1b8000 	/usr/lib/libboringssl.dylib
0x000000019d1da000 	/usr/lib/libdns_services.dylib
0x00000001bcc8e000 	/usr/lib/libquic.dylib
0x00000001a6817000 	/usr/lib/libusrtcp.dylib
0x00000001dfdc3000 	/System/Library/PrivateFrameworks/InternalSwiftProtobuf.framework/Versions/A/InternalSwiftProtobuf
0x0000000275f75000 	/usr/lib/swift/libswiftDistributed.dylib
0x000000019b282000 	/usr/lib/libnetwork.dylib
0x00000001a381d000 	/System/Library/PrivateFrameworks/AppleSauce.framework/Versions/A/AppleSauce
0x0000000196853000 	/System/Library/PrivateFrameworks/Lexicon.framework/Versions/A/Lexicon
0x000000024db0f000 	/System/Library/PrivateFrameworks/IO80211.framework/Versions/A/IO80211
0x00000001acad9000 	/System/Library/PrivateFrameworks/FrontBoardServices.framework/Versions/A/FrontBoardServices
0x00000001a29d6000 	/System/Library/Frameworks/SecurityFoundation.framework/Versions/A/SecurityFoundation
0x00000001a1cb9000 	/System/Library/PrivateFrameworks/LinguisticData.framework/Versions/A/LinguisticData
0x00000001a27ac000 	/System/Library/PrivateFrameworks/IOMobileFramebuffer.framework/Versions/A/IOMobileFramebuffer
0x000000019d019000 	/System/Library/PrivateFrameworks/BaseBoard.framework/Versions/A/BaseBoard
0x00000001acba5000 	/System/Library/PrivateFrameworks/BoardServices.framework/Versions/A/BoardServices
0x00000001a29c8000 	/System/Library/PrivateFrameworks/AssertionServices.framework/Versions/A/AssertionServices
0x00000001ae7a2000 	/System/Library/PrivateFrameworks/BackBoardServices.framework/Versions/A/BackBoardServices
0x00000001a0da6000 	/System/Library/PrivateFrameworks/FontServices.framework/libFontParser.dylib
0x000000019b6fb000 	/System/Library/PrivateFrameworks/TCC.framework/Versions/A/TCC
0x00000001b2245000 	/System/Library/PrivateFrameworks/IOSurfaceAccelerator.framework/Versions/A/IOSurfaceAccelerator
0x00000001a5668000 	/System/Library/PrivateFrameworks/WatchdogClient.framework/Versions/A/WatchdogClient
0x0000000197d67000 	/System/Library/Frameworks/CoreDisplay.framework/Versions/A/CoreDisplay
0x00000001a0c3b000 	/System/Library/Frameworks/CoreMedia.framework/Versions/A/CoreMedia
0x00000001a098f000 	/System/Library/PrivateFrameworks/IOAccelerator.framework/Versions/A/IOAccelerator
0x000000019ef4a000 	/System/Library/Frameworks/CoreVideo.framework/Versions/A/CoreVideo
0x00000001a3871000 	/System/Library/Frameworks/MetalPerformanceShaders.framework/Versions/A/MetalPerformanceShaders
0x000000025b0c7000 	/System/Library/PrivateFrameworks/ProDisplayLibrary.framework/Versions/A/ProDisplayLibrary
0x00000001a56af000 	/System/Library/Frameworks/VideoToolbox.framework/Versions/A/VideoToolbox
0x00000001a1b90000 	/System/Library/PrivateFrameworks/AggregateDictionary.framework/Versions/A/AggregateDictionary
0x00000001a4b85000 	/System/Library/PrivateFrameworks/APFS.framework/Versions/A/APFS
0x000000023af0a000 	/System/Library/PrivateFrameworks/AppleKeyStore.framework/Versions/A/AppleKeyStore
0x00000001a4c05000 	/usr/lib/libutil.dylib
0x00000001a4b64000 	/usr/lib/liblzma.5.dylib
0x000000019e336000 	/System/Library/Frameworks/Accelerate.framework/Versions/A/Frameworks/vImage.framework/Versions/A/vImage
0x00000001aad5e000 	/System/Library/Frameworks/Accelerate.framework/Versions/A/Frameworks/vecLib.framework/Versions/A/vecLib
0x00000001a4c3d000 	/System/Library/Frameworks/Accelerate.framework/Versions/A/Frameworks/vecLib.framework/Versions/A/libvMisc.dylib
0x00000001964c3000 	/System/Library/Frameworks/Accelerate.framework/Versions/A/Frameworks/vecLib.framework/Versions/A/libBLAS.dylib
0x00000001a716e000 	/System/Library/Frameworks/ApplicationServices.framework/Versions/A/Frameworks/ATS.framework/Versions/A/ATS
0x000000019c521000 	/System/Library/Frameworks/ApplicationServices.framework/Versions/A/Frameworks/HIServices.framework/Versions/A/HIServices
0x00000001a5c8d000 	/System/Library/Frameworks/ApplicationServices.framework/Versions/A/Frameworks/PrintCore.framework/Versions/A/PrintCore
0x00000001a755a000 	/System/Library/Frameworks/ApplicationServices.framework/Versions/A/Frameworks/QD.framework/Versions/A/QD
0x00000001a7551000 	/System/Library/Frameworks/ApplicationServices.framework/Versions/A/Frameworks/ColorSyncLegacy.framework/Versions/A/ColorSyncLegacy
0x00000001a7140000 	/System/Library/Frameworks/ApplicationServices.framework/Versions/A/Frameworks/SpeechSynthesis.framework/Versions/A/SpeechSynthesis
0x00000001a2779000 	/System/Library/PrivateFrameworks/CoreEmoji.framework/Versions/A/CoreEmoji
0x00000002451e3000 	/System/Library/PrivateFrameworks/FontServices.framework/Versions/A/FontServices
0x00000001a51a1000 	/System/Library/PrivateFrameworks/OTSVG.framework/Versions/A/OTSVG
0x000000019ead9000 	/System/Library/Frameworks/ApplicationServices.framework/Versions/A/Frameworks/ATS.framework/Versions/A/Resources/libFontRegistry.dylib
0x00000001a51eb000 	/System/Library/PrivateFrameworks/FontServices.framework/libhvf.dylib
0x0000000257138000 	/System/Library/PrivateFrameworks/ParsingInternal.framework/Versions/A/ParsingInternal
0x0000000275fcc000 	/usr/lib/swift/libswiftRegexBuilder.dylib
0x0000000276169000 	/usr/lib/swift/libswift_RegexParser.dylib
0x00000001a552f000 	/System/Library/PrivateFrameworks/AppleJPEG.framework/Versions/A/AppleJPEG
0x00000001a4fb6000 	/usr/lib/libexpat.1.dylib
0x00000001a5b62000 	/System/Library/Frameworks/ImageIO.framework/Versions/A/Resources/libPng.dylib
0x00000001a5b8d000 	/System/Library/Frameworks/ImageIO.framework/Versions/A/Resources/libTIFF.dylib
0x00000001a5c78000 	/System/Library/Frameworks/ImageIO.framework/Versions/A/Resources/libGIF.dylib
0x00000001a5575000 	/System/Library/Frameworks/ImageIO.framework/Versions/A/Resources/libJP2.dylib
0x00000001a5c1e000 	/System/Library/Frameworks/ImageIO.framework/Versions/A/Resources/libJPEG.dylib
0x00000001a5c15000 	/System/Library/Frameworks/ImageIO.framework/Versions/A/Resources/libRadiance.dylib
0x0000000249fae000 	/System/Library/PrivateFrameworks/GPUCompiler.framework/Versions/32023/Libraries/libllvm-flatbuffers.dylib
0x00000002452a9000 	/System/Library/PrivateFrameworks/FramePacing.framework/Versions/A/FramePacing
0x00000001f2963000 	/System/Library/Frameworks/OpenGL.framework/Versions/A/Libraries/libCoreFSCache.dylib
0x0000000245e56000 	/System/Library/PrivateFrameworks/GPUCompiler.framework/Versions/32023/Libraries/libGPUCompilerUtils.dylib
0x00000002451e4000 	/System/Library/PrivateFrameworks/FontServices.framework/libXTFontStaticRegistryData.dylib
0x00000001b055d000 	/System/Library/PrivateFrameworks/ASEProcessing.framework/Versions/A/ASEProcessing
0x00000001dbedb000 	/System/Library/PrivateFrameworks/Symbolication.framework/Versions/A/Symbolication
0x000000025a2de000 	/System/Library/PrivateFrameworks/PhotosensitivityProcessing.framework/Versions/A/PhotosensitivityProcessing
0x00000001a5195000 	/System/Library/PrivateFrameworks/GraphVisualizer.framework/Versions/A/GraphVisualizer
0x00000001f29c3000 	/System/Library/Frameworks/OpenGL.framework/Versions/A/Libraries/libGLU.dylib
0x00000001f2985000 	/System/Library/Frameworks/OpenGL.framework/Versions/A/Libraries/libGFXShared.dylib
0x00000001f2b56000 	/System/Library/Frameworks/OpenGL.framework/Versions/A/Libraries/libGL.dylib
0x00000001f298e000 	/System/Library/Frameworks/OpenGL.framework/Versions/A/Libraries/libGLImage.dylib
0x00000001f2982000 	/System/Library/Frameworks/OpenGL.framework/Versions/A/Libraries/libCVMSPluginSupport.dylib
0x0000000275585000 	/usr/lib/libRosetta.dylib
0x00000001f296b000 	/System/Library/Frameworks/OpenGL.framework/Versions/A/Libraries/libCoreVMClient.dylib
0x00000001a1ad2000 	/System/Library/Frameworks/MetalPerformanceShaders.framework/Versions/A/Frameworks/MPSCore.framework/Versions/A/MPSCore
0x00000001a3102000 	/System/Library/Frameworks/MetalPerformanceShaders.framework/Versions/A/Frameworks/MPSImage.framework/Versions/A/MPSImage
0x00000001a2b51000 	/System/Library/Frameworks/MetalPerformanceShaders.framework/Versions/A/Frameworks/MPSNeuralNetwork.framework/Versions/A/MPSNeuralNetwork
0x00000001a2f87000 	/System/Library/Frameworks/MetalPerformanceShaders.framework/Versions/A/Frameworks/MPSMatrix.framework/Versions/A/MPSMatrix
0x00000001a2d9f000 	/System/Library/Frameworks/MetalPerformanceShaders.framework/Versions/A/Frameworks/MPSRayIntersector.framework/Versions/A/MPSRayIntersector
0x00000001a2fb9000 	/System/Library/Frameworks/MetalPerformanceShaders.framework/Versions/A/Frameworks/MPSNDArray.framework/Versions/A/MPSNDArray
0x00000001f674f000 	/System/Library/Frameworks/MetalPerformanceShaders.framework/Versions/A/Frameworks/MPSFunctions.framework/Versions/A/MPSFunctions
0x00000001f6733000 	/System/Library/Frameworks/MetalPerformanceShaders.framework/Versions/A/Frameworks/MPSBenchmarkLoop.framework/Versions/A/MPSBenchmarkLoop
0x0000000196347000 	/System/Library/PrivateFrameworks/MetalTools.framework/Versions/A/MetalTools
0x00000001c26e6000 	/System/Library/PrivateFrameworks/IOAccelMemoryInfo.framework/Versions/A/IOAccelMemoryInfo
0x00000001cf137000 	/System/Library/PrivateFrameworks/kperf.framework/Versions/A/kperf
0x00000001bdb81000 	/System/Library/PrivateFrameworks/GPURawCounter.framework/Versions/A/GPURawCounter
0x00000001acfec000 	/System/Library/PrivateFrameworks/CoreSymbolication.framework/Versions/A/CoreSymbolication
0x00000001bdb1b000 	/System/Library/PrivateFrameworks/MallocStackLogging.framework/Versions/A/MallocStackLogging
0x00000001a4d54000 	/System/Library/PrivateFrameworks/CrashReporterSupport.framework/Versions/A/CrashReporterSupport
0x00000001acfa6000 	/System/Library/PrivateFrameworks/DebugSymbols.framework/Versions/A/DebugSymbols
0x00000001ce3d1000 	/System/Library/PrivateFrameworks/OSAnalytics.framework/Versions/A/OSAnalytics
0x00000001a5c49000 	/System/Library/Frameworks/ApplicationServices.framework/Versions/A/Frameworks/ATSUI.framework/Versions/A/ATSUI
0x00000001a74e4000 	/usr/lib/libcups.2.dylib
0x00000001a7580000 	/System/Library/Frameworks/Kerberos.framework/Versions/A/Kerberos
0x00000001a71ed000 	/usr/lib/libresolv.9.dylib
0x00000001a3704000 	/usr/lib/libiconv.2.dylib
0x00000001a51fe000 	/System/Library/PrivateFrameworks/Heimdal.framework/Versions/A/Heimdal
0x00000001af37a000 	/System/Library/Frameworks/Kerberos.framework/Versions/A/Libraries/libHeimdalProxy.dylib
0x00000001a4fd1000 	/usr/lib/libheimdal-asn1.dylib
0x000000019edad000 	/System/Library/Frameworks/OpenDirectory.framework/Versions/A/OpenDirectory
0x00000001a75ed000 	/System/Library/PrivateFrameworks/CommonAuth.framework/Versions/A/CommonAuth
0x000000019edbb000 	/System/Library/Frameworks/OpenDirectory.framework/Versions/A/Frameworks/CFOpenDirectory.framework/Versions/A/CFOpenDirectory
0x00000001a3659000 	/usr/lib/libcharset.1.dylib
0x00000001f2ef6000 	/System/Library/Frameworks/AVFAudio.framework/Versions/A/AVFAudio
0x00000001b7cec000 	/System/Library/PrivateFrameworks/AXCoreUtilities.framework/Versions/A/AXCoreUtilities
0x000000025091c000 	/System/Library/PrivateFrameworks/IsolatedCoreAudioClient.framework/Versions/A/IsolatedCoreAudioClient
0x00000001a7127000 	/usr/lib/libAudioStatistics.dylib
0x00000001a0c13000 	/System/Library/PrivateFrameworks/caulk.framework/Versions/A/caulk
0x0000000197e88000 	/System/Library/PrivateFrameworks/AudioToolboxCore.framework/Versions/A/AudioToolboxCore
0x00000001b1606000 	/System/Library/Frameworks/CoreMIDI.framework/Versions/A/CoreMIDI
0x00000001a70ca000 	/System/Library/PrivateFrameworks/AudioSession.framework/Versions/A/AudioSession
0x00000001a89f4000 	/System/Library/Frameworks/IOBluetooth.framework/Versions/A/IOBluetooth
0x00000001a50bb000 	/System/Library/PrivateFrameworks/MediaExperience.framework/Versions/A/MediaExperience
0x00000002680fb000 	/System/Library/PrivateFrameworks/Tightbeam.framework/Versions/A/Tightbeam
0x00000001d399a000 	/System/Library/PrivateFrameworks/AFKUser.framework/Versions/A/AFKUser
0x00000001a51e1000 	/System/Library/PrivateFrameworks/AppServerSupport.framework/Versions/A/AppServerSupport
0x00000001a7564000 	/System/Library/PrivateFrameworks/perfdata.framework/Versions/A/perfdata
0x00000001bcd85000 	/System/Library/PrivateFrameworks/SystemPolicy.framework/Versions/A/SystemPolicy
0x00000001a7403000 	/usr/lib/libSMC.dylib
0x00000001a5b2c000 	/usr/lib/libAudioToolboxUtility.dylib
0x00000001a7572000 	/usr/lib/libperfcheck.dylib
0x000000023b4ef000 	/System/Library/PrivateFrameworks/AudioAnalytics.framework/Versions/A/AudioAnalytics
0x00000001e6ee3000 	/System/Library/PrivateFrameworks/FeatureFlags.framework/Versions/A/FeatureFlags
0x00000001dfb90000 	/System/Library/Frameworks/OSLog.framework/Versions/A/OSLog
0x00000001a31a2000 	/usr/lib/libbz2.1.0.dylib
0x00000001bdb4d000 	/usr/lib/libmis.dylib
0x00000001a6edd000 	/System/Library/PrivateFrameworks/AudioSession.framework/libSessionUtility.dylib
0x00000001a5c7e000 	/System/Library/PrivateFrameworks/CMCaptureCore.framework/Versions/A/CMCaptureCore
0x00000001f45c4000 	/System/Library/Frameworks/ExtensionFoundation.framework/Versions/A/ExtensionFoundation
0x00000001ad100000 	/System/Library/PrivateFrameworks/CoreTime.framework/Versions/A/CoreTime
0x00000001a4eb3000 	/System/Library/PrivateFrameworks/PlugInKit.framework/Versions/A/PlugInKit
0x00000001abd35000 	/System/Library/PrivateFrameworks/PowerLog.framework/Versions/A/PowerLog
0x00000001abc44000 	/System/Library/Frameworks/CoreBluetooth.framework/Versions/A/CoreBluetooth
0x00000001af37b000 	/System/Library/Frameworks/AudioUnit.framework/Versions/A/AudioUnit
0x00000001a283c000 	/System/Library/PrivateFrameworks/CoreUtils.framework/Versions/A/CoreUtils
0x00000002420cd000 	/System/Library/PrivateFrameworks/CoreUtilsExtras.framework/Versions/A/CoreUtilsExtras
0x00000001ab079000 	/System/Library/Frameworks/MediaAccessibility.framework/Versions/A/MediaAccessibility
0x00000001c5f8d000 	/System/Library/PrivateFrameworks/AttributeGraph.framework/Versions/A/AttributeGraph
0x0000000275224000 	/usr/lib/libAXSafeCategoryBundle.dylib
0x00000001b7da9000 	/usr/lib/libAccessibility.dylib
0x00000001a2686000 	/System/Library/Frameworks/Accelerate.framework/Versions/A/Frameworks/vecLib.framework/Versions/A/libvDSP.dylib
0x00000001a394f000 	/System/Library/Frameworks/Accelerate.framework/Versions/A/Frameworks/vecLib.framework/Versions/A/libLAPACK.dylib
0x00000001a2b3c000 	/System/Library/Frameworks/Accelerate.framework/Versions/A/Frameworks/vecLib.framework/Versions/A/libLinearAlgebra.dylib
0x00000001a385e000 	/System/Library/Frameworks/Accelerate.framework/Versions/A/Frameworks/vecLib.framework/Versions/A/libSparseBLAS.dylib
0x00000001a394a000 	/System/Library/Frameworks/Accelerate.framework/Versions/A/Frameworks/vecLib.framework/Versions/A/libQuadrature.dylib
0x00000001a1cc0000 	/System/Library/Frameworks/Accelerate.framework/Versions/A/Frameworks/vecLib.framework/Versions/A/libBNNS.dylib
0x0000000196955000 	/System/Library/Frameworks/Accelerate.framework/Versions/A/Frameworks/vecLib.framework/Versions/A/libSparse.dylib
0x0000000251e64000 	/System/Library/PrivateFrameworks/MIL.framework/Versions/A/MIL
0x00000001a5c10000 	/System/Library/PrivateFrameworks/GPUWrangler.framework/Versions/A/GPUWrangler
0x00000001a5bf0000 	/System/Library/PrivateFrameworks/IOPresentment.framework/Versions/A/IOPresentment
0x00000001a5c18000 	/System/Library/PrivateFrameworks/DSExternalDisplay.framework/Versions/A/DSExternalDisplay
0x00000001dff9c000 	/System/Library/PrivateFrameworks/HIDDisplay.framework/Versions/A/HIDDisplay
0x00000001b6ac1000 	/System/Library/PrivateFrameworks/HID.framework/Versions/A/HID
0x000000026b91f000 	/System/Library/PrivateFrameworks/VideoToolboxParavirtualizationSupport.framework/Versions/A/VideoToolboxParavirtualizationSupport
0x00000001a4f6c000 	/System/Library/PrivateFrameworks/AppleVA.framework/Versions/A/AppleVA
0x00000001acc4f000 	/System/Library/PrivateFrameworks/GraphicsServices.framework/Versions/A/GraphicsServices
0x00000001a775a000 	/System/Library/PrivateFrameworks/CorePhoneNumbers.framework/Versions/A/CorePhoneNumbers
0x00000001abe25000 	/System/Library/PrivateFrameworks/MediaKit.framework/Versions/A/MediaKit
0x00000001abd70000 	/System/Library/Frameworks/DiscRecording.framework/Versions/A/DiscRecording
0x00000001a7544000 	/System/Library/PrivateFrameworks/NetAuth.framework/Versions/A/NetAuth
0x000000019efab000 	/System/Library/PrivateFrameworks/login.framework/Versions/A/Frameworks/loginsupport.framework/Versions/A/loginsupport
0x00000001a4fdc000 	/System/Library/PrivateFrameworks/IconFoundation.framework/Versions/A/IconFoundation
0x00000001a4d4b000 	/usr/lib/libIOReport.dylib
0x000000023b10a000 	/System/Library/PrivateFrameworks/AppleMobileFileIntegrity.framework/Versions/A/AppleMobileFileIntegrity
0x00000002755cb000 	/usr/lib/libTLE.dylib
0x00000001ef8d3000 	/System/Library/PrivateFrameworks/ConfigProfileHelper.framework/Versions/A/ConfigProfileHelper
0x00000001a2ad8000 	/usr/lib/libmecab.dylib
0x0000000196a4a000 	/usr/lib/libCRFSuite.dylib
0x00000001a1b99000 	/System/Library/PrivateFrameworks/CoreNLP.framework/Versions/A/CoreNLP
0x00000001a2b39000 	/usr/lib/libgermantok.dylib
0x00000001a3814000 	/usr/lib/libThaiTokenizer.dylib
0x00000001a2aa2000 	/usr/lib/libCheckFix.dylib
0x000000019e243000 	/System/Library/PrivateFrameworks/MetadataUtilities.framework/Versions/A/MetadataUtilities
0x000000024dd49000 	/System/Library/PrivateFrameworks/InstalledContentLibrary.framework/Versions/A/InstalledContentLibrary
0x0000000199585000 	/System/Library/PrivateFrameworks/CoreServicesStore.framework/Versions/A/CoreServicesStore
0x00000001cf243000 	/System/Library/PrivateFrameworks/MobileSystemServices.framework/Versions/A/MobileSystemServices
0x00000001a4c09000 	/usr/lib/libxslt.1.dylib
0x00000001a2a64000 	/System/Library/PrivateFrameworks/BackgroundTaskManagement.framework/Versions/A/BackgroundTaskManagement
0x00000001aeb28000 	/usr/lib/libcurl.4.dylib
0x0000000275804000 	/usr/lib/libcrypto.46.dylib
0x0000000275d51000 	/usr/lib/libssl.48.dylib
0x00000001ae7fc000 	/System/Library/Frameworks/LDAP.framework/Versions/A/LDAP
0x00000001ae838000 	/System/Library/PrivateFrameworks/TrustEvaluationAgent.framework/Versions/A/TrustEvaluationAgent
0x00000001a7206000 	/usr/lib/libsasl2.2.dylib
0x00000001bb35a000 	/usr/lib/swift/libswiftCoreGraphics.dylib
0x00000001ab6b3000 	/usr/lib/swift/libswiftFoundation.dylib
0x00000001ef38b000 	/usr/lib/swift/libswiftSwiftOnoneSupport.dylib
0x00000001dc66d000 	/System/Library/PrivateFrameworks/CoreMaterial.framework/Versions/A/CoreMaterial
0x000000025c923000 	/System/Library/PrivateFrameworks/SFSymbols.framework/Versions/A/SFSymbols
0x00000001aa97c000 	/System/Library/PrivateFrameworks/SpeechRecognitionCore.framework/Versions/A/SpeechRecognitionCore
0x0000000101c2c000 	/opt/homebrew/Cellar/openjdk@11/11.0.25/libexec/openjdk.jdk/Contents/Home/lib/server/libjvm.dylib
0x0000000100cf8000 	/opt/homebrew/Cellar/openjdk@11/11.0.25/libexec/openjdk.jdk/Contents/Home/lib/libverify.dylib
0x0000000100d48000 	/opt/homebrew/Cellar/openjdk@11/11.0.25/libexec/openjdk.jdk/Contents/Home/lib/libjava.dylib
0x0000000100d10000 	/opt/homebrew/Cellar/openjdk@11/11.0.25/libexec/openjdk.jdk/Contents/Home/lib/libjimage.dylib
0x0000000100dd8000 	/opt/homebrew/Cellar/openjdk@11/11.0.25/libexec/openjdk.jdk/Contents/Home/lib/libzip.dylib
0x00000001227a0000 	/opt/homebrew/Cellar/openjdk@11/11.0.25/libexec/openjdk.jdk/Contents/Home/lib/libnio.dylib
0x00000001227e4000 	/opt/homebrew/Cellar/openjdk@11/11.0.25/libexec/openjdk.jdk/Contents/Home/lib/libnet.dylib
0x0000000122780000 	/opt/homebrew/Cellar/openjdk@11/11.0.25/libexec/openjdk.jdk/Contents/Home/lib/libextnet.dylib
0x00000001227c0000 	/opt/homebrew/Cellar/openjdk@11/11.0.25/libexec/openjdk.jdk/Contents/Home/lib/libmanagement.dylib
0x0000000122808000 	/opt/homebrew/Cellar/openjdk@11/11.0.25/libexec/openjdk.jdk/Contents/Home/lib/libmanagement_ext.dylib
0x0000000100dc0000 	/private/var/folders/yt/gbg7njgs1sn36w9d2dgx5q_r0000gn/T/.sbt/ipcsocket/libsbtipcsocket10608603502146191738.dylib
0x0000000122848000 	/private/var/folders/yt/gbg7njgs1sn36w9d2dgx5q_r0000gn/T/.sbtd2ba50de/swoval/swoval-jni/11910670222353855743-libswoval-files0.dylib
0x00000001bc7c2000 	/System/Library/Frameworks/Carbon.framework/Versions/A/Carbon
0x00000001b3c07000 	/System/Library/Frameworks/Carbon.framework/Versions/A/Frameworks/CommonPanels.framework/Versions/A/CommonPanels
0x00000001aeb13000 	/System/Library/Frameworks/Carbon.framework/Versions/A/Frameworks/Help.framework/Versions/A/Help
0x00000001b3c0b000 	/System/Library/Frameworks/Carbon.framework/Versions/A/Frameworks/ImageCapture.framework/Versions/A/ImageCapture
0x00000001b3be6000 	/System/Library/Frameworks/Carbon.framework/Versions/A/Frameworks/OpenScripting.framework/Versions/A/OpenScripting
0x00000001b3c06000 	/System/Library/Frameworks/Carbon.framework/Versions/A/Frameworks/Ink.framework/Versions/A/Ink
0x00000001b3c03000 	/System/Library/Frameworks/Carbon.framework/Versions/A/Frameworks/SecurityHI.framework/Versions/A/SecurityHI


VM Arguments:
jvm_args: -Djline.terminal=jline.UnsupportedTerminal -Dsbt.log.noformat=true -Dfile.encoding=UTF-8 -Dgrouping.with.qualified.names.enabled=true -Dseparate.prod.test.sources.enabled=false -Didea.managed=true -Dfile.encoding=UTF-8 -Didea.installation.dir=/Applications/IntelliJ IDEA CE.app/Contents 
java_command: /Users/asinduvg/Library/Application Support/JetBrains/IdeaIC2024.3/plugins/Scala/launcher/sbt-launch.jar
java_class_path (initial): /Users/asinduvg/Library/Application Support/JetBrains/IdeaIC2024.3/plugins/Scala/launcher/sbt-launch.jar
Launcher Type: SUN_STANDARD

[Global flags]
     intx CICompilerCount                          = 4                                         {product} {ergonomic}
     uint ConcGCThreads                            = 2                                         {product} {ergonomic}
     uint G1ConcRefinementThreads                  = 8                                         {product} {ergonomic}
   size_t G1HeapRegionSize                         = 1048576                                   {product} {ergonomic}
    uintx GCDrainStackTargetSize                   = 64                                        {product} {ergonomic}
   size_t InitialHeapSize                          = 134217728                                 {product} {ergonomic}
   size_t MarkStackSize                            = 4194304                                   {product} {ergonomic}
   size_t MaxHeapSize                              = 2147483648                                {product} {ergonomic}
   size_t MaxNewSize                               = 1287651328                                {product} {ergonomic}
   size_t MinHeapDeltaBytes                        = 1048576                                   {product} {ergonomic}
    uintx NonNMethodCodeHeapSize                   = 5836492                                {pd product} {ergonomic}
    uintx NonProfiledCodeHeapSize                  = 122910874                              {pd product} {ergonomic}
    uintx ProfiledCodeHeapSize                     = 122910874                              {pd product} {ergonomic}
    uintx ReservedCodeCacheSize                    = 251658240                              {pd product} {ergonomic}
     bool SegmentedCodeCache                       = true                                      {product} {ergonomic}
     bool UseCompressedClassPointers               = true                                 {lp64_product} {ergonomic}
     bool UseCompressedOops                        = true                                 {lp64_product} {ergonomic}
     bool UseG1GC                                  = true                                      {product} {ergonomic}

Logging:
Log output configuration:
 #0: stdout all=warning uptime,level,tags
 #1: stderr all=off uptime,level,tags

Environment Variables:
JAVA_HOME=/opt/homebrew/opt/openjdk@11
PATH=/opt/homebrew/opt/mysql-client/bin:/Users/asinduvg/.nvm/versions/node/v14.6.0/bin:/opt/homebrew/opt/openjdk@11/bin:/opt/homebrew/sbin:/Users/asinduvg/.pyenv/shims:/Users/asinduvg/.pyenv/bin:/opt/homebrew/bin:/usr/local/bin:/System/Cryptexes/App/usr/bin:/usr/bin:/bin:/usr/sbin:/sbin:/var/run/com.apple.security.cryptexd/codex.system/bootstrap/usr/local/bin:/var/run/com.apple.security.cryptexd/codex.system/bootstrap/usr/bin:/var/run/com.apple.security.cryptexd/codex.system/bootstrap/usr/appleinternal/bin:/Users/asinduvg/.local/bin:/usr/local/texlive/2023/bin/universal-darwin:/Users/asinduvg/Library/Application Support/Coursier/bin:/Users/asinduvg/.cargo/bin
SHELL=/bin/zsh
LC_CTYPE=en_US.UTF-8
TMPDIR=/var/folders/yt/gbg7njgs1sn36w9d2dgx5q_r0000gn/T/

Signal Handlers:
SIGSEGV: [libjvm.dylib+0x701dd0], sa_mask[0]=11111111011111110111111111111111, sa_flags=SA_ONSTACK|SA_RESTART|SA_SIGINFO
SIGBUS: [libjvm.dylib+0x701dd0], sa_mask[0]=11111111011111110111111111111111, sa_flags=SA_RESTART|SA_SIGINFO
SIGFPE: [libjvm.dylib+0x701dd0], sa_mask[0]=11111111011111110111111111111111, sa_flags=SA_RESTART|SA_SIGINFO
SIGPIPE: [libjvm.dylib+0x56a09c], sa_mask[0]=11111111011111110111111111111111, sa_flags=SA_RESTART|SA_SIGINFO
SIGXFSZ: [libjvm.dylib+0x56a09c], sa_mask[0]=11111111011111110111111111111111, sa_flags=SA_RESTART|SA_SIGINFO
SIGILL: [libjvm.dylib+0x701dd0], sa_mask[0]=11111111011111110111111111111111, sa_flags=SA_RESTART|SA_SIGINFO
SIGUSR2: [libjvm.dylib+0x56a698], sa_mask[0]=00000000000000000000000000000000, sa_flags=SA_RESTART|SA_SIGINFO
SIGHUP: [libjvm.dylib+0x568e30], sa_mask[0]=11111111011111110111111111111111, sa_flags=SA_RESTART|SA_SIGINFO
SIGINT: [libjvm.dylib+0x568e30], sa_mask[0]=11111111011111110111111111111111, sa_flags=SA_RESTART|SA_SIGINFO
SIGTERM: [libjvm.dylib+0x568e30], sa_mask[0]=11111111011111110111111111111111, sa_flags=SA_RESTART|SA_SIGINFO
SIGQUIT: [libjvm.dylib+0x568e30], sa_mask[0]=11111111011111110111111111111111, sa_flags=SA_RESTART|SA_SIGINFO


---------------  S Y S T E M  ---------------

OS:uname:Darwin 24.2.0 Darwin Kernel Version 24.2.0: Fri Dec  6 18:51:28 PST 2024; root:xnu-11215.61.5~2/RELEASE_ARM64_T8112 arm64
OS uptime: 1 days 2:50 hours
rlimit (soft/hard): STACK 8176k/65520k , CORE 0k/infinity , NPROC 1333/2000 , NOFILE 10240/infinity , AS infinity/infinity , CPU infinity/infinity , DATA infinity/infinity , FSIZE infinity/infinity , MEMLOCK infinity/infinity , RSS infinity/infinity
load average:3.64 3.88 3.98

CPU:total 8 (initial active 8) 0x61:0x0:0xda33d83d:0, simd, crc, lse

Memory: 16k page, physical 8388608k(122256k free), swap 6291456k(1041856k free)

vm_info: OpenJDK 64-Bit Server VM (11.0.25+0) for bsd-aarch64 JRE (11.0.25+0), built on Oct 15 2024 22:10:31 by "brew" with clang Homebrew Clang 19.1.1

END.
